city,state,skill,experience,demand_index,cost_of_living,wage
Bangalore,Karnataka,Electrician,6,0.56,16657,1373.14
Pune,Maharashtra,Electrician,12,1.07,9819,1428.88
Hyderabad,Telangana,Mason,14,1.3,11982,1782.64
Chennai,Tamil Nadu,Painter,3,1.41,12217,1289.84
Hyderabad,Telangana,Electrician,11,1.48,15118,1565.36
Bangalore,Karnataka,Electrician,9,0.57,17249,1488.48
Bangalore,Karnataka,Carpenter,2,1.43,17104,1349.58
Chennai,Tamil Nadu,Carpenter,2,1.27,11346,1178.42
Bangalore,Karnataka,Mason,1,1.46,10933,875.66
Bangalore,Karnataka,Mason,5,1.26,8278,1358.56
Delhi,Delhi,Painter,11,0.59,15793,1687.36
Bangalore,Karnataka,Mason,12,1.42,17389,1776.78
Pune,Maharashtra,Electrician,10,0.59,16284,1350.18
Pune,Maharashtra,Mason,12,0.7,17295,1830.9
Bangalore,Karnataka,Electrician,7,0.98,9106,1110.12
Pune,Maharashtra,Mason,4,1.24,19419,1304.38
Pune,Maharashtra,Painter,10,1.42,15425,1581.5
Delhi,Delhi,Carpenter,9,1.0,15312,1434.24
Hyderabad,Telangana,Painter,12,1.16,19829,1647.58
Chennai,Tamil Nadu,Mason,2,1.38,15743,1377.86
Delhi,Delhi,Electrician,2,1.34,14505,1192.1
Delhi,Delhi,Electrician,13,0.96,14110,1741.2
Hyderabad,Telangana,Mason,13,0.62,14436,1735.72
Bangalore,Karnataka,Painter,15,1.03,15958,1826.66
Chennai,Tamil Nadu,Electrician,6,0.63,9932,1008.14
Delhi,Delhi,Painter,1,1.3,13506,965.12
Hyderabad,Telangana,Mason,9,0.73,19208,1662.66
Delhi,Delhi,Mason,9,1.1,8772,1565.44
Delhi,Delhi,Electrician,2,0.69,19033,1239.16
Pune,Maharashtra,Electrician,4,0.5,11717,1022.34
Chennai,Tamil Nadu,Carpenter,15,0.79,14474,1670.98
Bangalore,Karnataka,Mason,13,0.8,15339,1685.78
Delhi,Delhi,Mason,11,1.33,14282,1664.14
Bangalore,Karnataka,Electrician,10,0.82,14638,1528.76
Pune,Maharashtra,Carpenter,3,1.45,14024,1295.98
Chennai,Tamil Nadu,Carpenter,8,1.22,15394,1493.88
Pune,Maharashtra,Mason,14,1.44,11258,1816.16
Bangalore,Karnataka,Painter,8,0.79,8320,1118.9
Bangalore,Karnataka,Mason,3,0.57,19419,1019.88
Hyderabad,Telangana,Carpenter,12,0.54,11230,1493.6
Bangalore,Karnataka,Mason,13,1.32,12981,1800.62
Pune,Maharashtra,Mason,6,1.06,12629,1401.58
Delhi,Delhi,Carpenter,15,1.06,19596,2009.92
Bangalore,Karnataka,Electrician,4,1.27,16917,1365.84
Delhi,Delhi,Carpenter,11,1.38,18460,1827.2
Delhi,Delhi,Carpenter,8,1.03,10546,1457.42
Delhi,Delhi,Mason,10,1.09,10986,1613.22
Delhi,Delhi,Painter,12,1.08,9340,1550.8
Hyderabad,Telangana,Carpenter,6,0.94,17032,1380.64
Delhi,Delhi,Painter,1,1.4,16885,1108.7
Chennai,Tamil Nadu,Electrician,10,0.61,18432,1562.14
Delhi,Delhi,Painter,12,0.67,17502,1497.54
Pune,Maharashtra,Mason,1,1.37,10463,888.76
Pune,Maharashtra,Mason,6,1.37,13469,1490.88
Pune,Maharashtra,Painter,7,1.42,12620,1524.4
Pune,Maharashtra,Carpenter,8,1.45,16548,1522.46
Bangalore,Karnataka,Mason,8,1.42,13377,1352.54
Pune,Maharashtra,Mason,4,1.26,18798,1356.96
Bangalore,Karnataka,Mason,7,0.78,11396,1052.92
Chennai,Tamil Nadu,Electrician,2,0.87,9732,1035.14
Delhi,Delhi,Electrician,14,0.57,13759,1553.68
Chennai,Tamil Nadu,Painter,6,0.51,16855,1377.6
Pune,Maharashtra,Mason,9,0.86,17410,1472.2
Bangalore,Karnataka,Painter,10,1.32,11263,1609.26
Bangalore,Karnataka,Electrician,10,1.24,16471,1570.42
Pune,Maharashtra,Carpenter,8,0.99,14978,1372.06
Chennai,Tamil Nadu,Painter,8,0.89,18064,1531.78
Delhi,Delhi,Electrician,15,1.16,16093,1936.86
Pune,Maharashtra,Painter,2,1.42,11314,1211.28
Delhi,Delhi,Painter,3,1.31,16325,1132.0
Hyderabad,Telangana,Electrician,3,1.27,17218,1228.86
Pune,Maharashtra,Carpenter,13,0.76,19658,1622.16
Chennai,Tamil Nadu,Carpenter,6,1.37,17459,1478.68
Bangalore,Karnataka,Electrician,3,1.11,12618,1061.86
Chennai,Tamil Nadu,Painter,10,1.24,10513,1651.26
Pune,Maharashtra,Mason,8,0.84,15824,1533.48
Bangalore,Karnataka,Mason,1,1.26,9827,1087.54
Pune,Maharashtra,Painter,11,1.04,10694,1653.88
Delhi,Delhi,Painter,11,0.82,16232,1664.64
Hyderabad,Telangana,Electrician,5,1.12,17564,1526.28
Bangalore,Karnataka,Painter,14,0.63,10874,1753.98
Bangalore,Karnataka,Mason,11,1.46,15712,1622.24
Delhi,Delhi,Electrician,12,1.21,18697,1901.44
Bangalore,Karnataka,Mason,15,1.14,12304,1648.08
Bangalore,Karnataka,Painter,4,1.34,18049,1302.98
Pune,Maharashtra,Mason,8,1.44,15567,1723.34
Pune,Maharashtra,Mason,13,1.09,9826,1642.02
Hyderabad,Telangana,Painter,8,0.56,17239,1305.78
Delhi,Delhi,Painter,5,1.24,10255,1377.1
Chennai,Tamil Nadu,Painter,9,0.94,15783,1518.66
Pune,Maharashtra,Mason,7,1.49,17040,1485.3
Hyderabad,Telangana,Carpenter,15,1.3,8517,1730.34
Delhi,Delhi,Carpenter,2,1.03,10235,1114.2
Delhi,Delhi,Electrician,9,0.62,13534,1459.68
Chennai,Tamil Nadu,Painter,6,1.21,8343,1179.36
Hyderabad,Telangana,Carpenter,8,0.72,12071,1423.42
Hyderabad,Telangana,Painter,8,1.13,12422,1543.94
Chennai,Tamil Nadu,Mason,8,1.09,11488,1311.26
Chennai,Tamil Nadu,Carpenter,7,0.71,19800,1585.5
Chennai,Tamil Nadu,Carpenter,6,1.25,17295,1364.4
Bangalore,Karnataka,Carpenter,1,1.06,11296,976.92
Delhi,Delhi,Painter,9,1.33,12612,1590.74
Bangalore,Karnataka,Mason,11,0.51,17686,1455.22
Bangalore,Karnataka,Mason,11,0.76,10111,1589.22
Chennai,Tamil Nadu,Mason,10,0.65,18323,1696.96
Bangalore,Karnataka,Painter,4,1.23,15283,1333.16
Chennai,Tamil Nadu,Mason,8,0.8,10850,1166.0
Delhi,Delhi,Mason,6,1.27,14940,1197.3
Delhi,Delhi,Painter,1,0.51,12469,1005.88
Delhi,Delhi,Electrician,10,1.01,8170,1392.9
Chennai,Tamil Nadu,Painter,11,1.37,10554,1774.58
Hyderabad,Telangana,Mason,10,1.09,19902,1672.54
Pune,Maharashtra,Electrician,13,0.91,9104,1662.58
Chennai,Tamil Nadu,Mason,6,0.58,12520,1016.4
Hyderabad,Telangana,Mason,10,1.47,14574,1780.98
Delhi,Delhi,Electrician,15,0.93,17642,1791.34
Chennai,Tamil Nadu,Carpenter,12,0.64,18621,1704.42
Pune,Maharashtra,Carpenter,4,1.13,11503,1030.56
Bangalore,Karnataka,Carpenter,11,1.49,17928,1953.06
Delhi,Delhi,Electrician,9,0.66,15423,1452.46
Delhi,Delhi,Painter,14,0.62,12451,1596.02
Bangalore,Karnataka,Mason,8,0.7,13073,1397.46
Bangalore,Karnataka,Carpenter,11,0.72,18100,1651.0
Hyderabad,Telangana,Electrician,9,1.33,13864,1496.78
Chennai,Tamil Nadu,Mason,1,0.84,17079,863.58
Pune,Maharashtra,Carpenter,2,1.29,11933,1230.16
Bangalore,Karnataka,Carpenter,3,0.94,19163,1101.26
Pune,Maharashtra,Painter,7,1.4,8930,1169.6
Pune,Maharashtra,Electrician,9,1.36,13919,1623.38
Pune,Maharashtra,Carpenter,3,1.16,17703,1259.06
Bangalore,Karnataka,Mason,1,1.07,16706,966.62
Hyderabad,Telangana,Painter,8,0.9,18394,1671.88
Delhi,Delhi,Carpenter,2,1.04,12191,998.82
Pune,Maharashtra,Carpenter,13,0.62,18441,1693.82
Delhi,Delhi,Painter,11,0.82,10703,1565.06
Bangalore,Karnataka,Mason,13,1.26,16164,1660.28
Bangalore,Karnataka,Electrician,14,1.25,8598,1615.46
Hyderabad,Telangana,Painter,10,1.08,18759,1481.18
Chennai,Tamil Nadu,Mason,6,1.45,8547,1188.44
Chennai,Tamil Nadu,Mason,11,0.58,10002,1356.04
Delhi,Delhi,Painter,15,0.75,18983,1792.16
Chennai,Tamil Nadu,Mason,15,1.02,13858,1940.16
Chennai,Tamil Nadu,Mason,15,1.43,19941,1914.32
Chennai,Tamil Nadu,Carpenter,6,1.4,15097,1471.94
Bangalore,Karnataka,Painter,7,0.71,11073,1167.96
Chennai,Tamil Nadu,Carpenter,6,0.84,19483,1317.66
Bangalore,Karnataka,Painter,15,0.78,13387,1824.74
Chennai,Tamil Nadu,Mason,2,0.85,17230,1059.1
Bangalore,Karnataka,Carpenter,7,0.52,11280,1225.6
Chennai,Tamil Nadu,Painter,12,0.83,18899,1600.48
Pune,Maharashtra,Painter,2,0.67,8781,964.12
Pune,Maharashtra,Electrician,6,1.11,16800,1407.5
Hyderabad,Telangana,Electrician,1,0.93,18230,1075.1
Pune,Maharashtra,Electrician,8,1.4,18620,1446.4
Delhi,Delhi,Electrician,12,1.47,10500,1797.5
Hyderabad,Telangana,Mason,9,0.72,10036,1203.72
Chennai,Tamil Nadu,Mason,13,0.76,16059,1605.18
Bangalore,Karnataka,Mason,1,0.51,16249,909.48
Chennai,Tamil Nadu,Electrician,5,0.64,19711,1157.22
Delhi,Delhi,Mason,12,1.0,9253,1514.06
Bangalore,Karnataka,Painter,9,1.49,10949,1596.48
Hyderabad,Telangana,Painter,11,1.35,15671,1614.92
Pune,Maharashtra,Painter,5,0.51,15868,1107.86
Pune,Maharashtra,Electrician,1,1.1,19877,1292.54
Hyderabad,Telangana,Carpenter,4,0.94,10737,922.74
Hyderabad,Telangana,Mason,9,0.77,10787,1283.24
Pune,Maharashtra,Carpenter,14,1.43,10023,1878.96
Hyderabad,Telangana,Mason,4,1.37,16834,1160.18
Pune,Maharashtra,Carpenter,2,1.03,18606,1258.62
Pune,Maharashtra,Mason,6,1.12,16488,1447.76
Hyderabad,Telangana,Painter,2,0.7,8583,1038.66
Hyderabad,Telangana,Mason,6,1.12,15181,1165.62
Chennai,Tamil Nadu,Carpenter,5,1.12,17066,1378.32
Pune,Maharashtra,Carpenter,10,0.86,14661,1552.22
Delhi,Delhi,Carpenter,9,0.5,17475,1467.5
Bangalore,Karnataka,Painter,11,0.72,13126,1699.52
Pune,Maharashtra,Painter,4,0.77,14407,967.64
Bangalore,Karnataka,Painter,13,0.72,10534,1716.68
Delhi,Delhi,Painter,9,0.76,12751,1319.02
Chennai,Tamil Nadu,Painter,2,0.93,11763,1174.76
Delhi,Delhi,Mason,2,1.41,19891,1118.32
Pune,Maharashtra,Painter,3,0.66,15571,1099.42
Chennai,Tamil Nadu,Carpenter,9,1.36,9742,1412.84
Hyderabad,Telangana,Painter,4,1.43,18279,1306.08
Delhi,Delhi,Painter,15,0.58,8493,1613.86
Pune,Maharashtra,Carpenter,2,1.14,18333,1365.66
Hyderabad,Telangana,Mason,5,1.0,15938,1243.76
Bangalore,Karnataka,Electrician,7,0.53,19991,1518.32
Bangalore,Karnataka,Painter,4,1.11,15036,1075.22
Chennai,Tamil Nadu,Electrician,11,0.96,17672,1532.44
Delhi,Delhi,Electrician,12,1.2,17804,1795.08
Chennai,Tamil Nadu,Electrician,3,1.07,9131,868.12
Chennai,Tamil Nadu,Electrician,15,1.21,10288,1741.26
Pune,Maharashtra,Electrician,9,1.39,19247,1639.44
Bangalore,Karnataka,Mason,4,0.57,13484,1086.18
Bangalore,Karnataka,Painter,11,0.63,18848,1519.46
Pune,Maharashtra,Mason,1,1.44,19348,1381.96
Bangalore,Karnataka,Carpenter,6,1.22,19694,1461.88
Chennai,Tamil Nadu,Electrician,8,0.6,16002,1301.04
Bangalore,Karnataka,Mason,6,0.92,11963,1366.26
Bangalore,Karnataka,Mason,6,0.74,12234,1229.68
Bangalore,Karnataka,Electrician,13,0.56,15441,1605.82
Delhi,Delhi,Electrician,12,1.45,14093,1892.36
Chennai,Tamil Nadu,Mason,5,1.26,19221,1347.42
Delhi,Delhi,Electrician,9,1.36,17123,1545.46
Delhi,Delhi,Electrician,3,1.33,17223,1208.96
Delhi,Delhi,Carpenter,12,1.27,18723,1669.96
Delhi,Delhi,Electrician,9,1.46,16617,1790.34
Chennai,Tamil Nadu,Painter,13,1.19,11881,1698.12
Hyderabad,Telangana,Mason,7,1.15,13793,1568.36
Chennai,Tamil Nadu,Painter,7,1.11,9527,1187.04
Chennai,Tamil Nadu,Carpenter,12,0.72,19463,1824.26
Hyderabad,Telangana,Painter,7,1.15,17698,1508.46
Pune,Maharashtra,Mason,8,1.05,9331,1490.12
Pune,Maharashtra,Electrician,6,0.8,15358,1209.16
Bangalore,Karnataka,Electrician,6,1.01,18037,1185.24
Hyderabad,Telangana,Painter,15,0.91,17145,1834.4
Bangalore,Karnataka,Electrician,14,1.26,15718,1761.36
Pune,Maharashtra,Mason,9,0.94,9669,1173.38
Hyderabad,Telangana,Carpenter,7,0.96,16342,1319.84
Pune,Maharashtra,Mason,3,0.61,17250,1248.5
Pune,Maharashtra,Electrician,2,1.42,10313,989.26
Pune,Maharashtra,Electrician,6,0.99,9617,1199.84
Chennai,Tamil Nadu,Mason,10,1.06,12961,1380.22
Pune,Maharashtra,Painter,13,0.94,9209,1517.18
Pune,Maharashtra,Electrician,9,1.46,14871,1560.42
Chennai,Tamil Nadu,Mason,14,0.92,12610,1850.2
Bangalore,Karnataka,Painter,4,1.12,15357,1129.14
Delhi,Delhi,Electrician,5,0.86,16700,1109.0
Hyderabad,Telangana,Painter,1,0.76,13333,1040.66
Chennai,Tamil Nadu,Electrician,3,0.89,11489,1141.28
Bangalore,Karnataka,Carpenter,1,0.86,9142,747.84
Bangalore,Karnataka,Mason,10,1.38,9920,1616.4
Delhi,Delhi,Carpenter,14,0.95,17460,1784.7
Pune,Maharashtra,Mason,14,0.64,14308,1540.16
Pune,Maharashtra,Electrician,8,1.11,13031,1486.12
Pune,Maharashtra,Electrician,13,1.32,15492,1761.84
Delhi,Delhi,Mason,4,0.99,11171,1043.92
Delhi,Delhi,Painter,8,0.94,15837,1560.74
Delhi,Delhi,Carpenter,9,1.18,12812,1433.24
Chennai,Tamil Nadu,Carpenter,12,0.67,11271,1351.92
Chennai,Tamil Nadu,Mason,11,1.34,17990,1840.8
Pune,Maharashtra,Painter,2,1.41,16099,1222.48
Delhi,Delhi,Painter,12,1.45,12245,1917.4
Pune,Maharashtra,Mason,9,1.37,10554,1431.58
Delhi,Delhi,Mason,9,0.72,16162,1304.24
Pune,Maharashtra,Painter,11,0.56,16257,1659.14
Bangalore,Karnataka,Electrician,6,1.09,17784,1505.18
Chennai,Tamil Nadu,Electrician,2,0.5,8045,875.9
Hyderabad,Telangana,Mason,11,1.35,12947,1663.44
Chennai,Tamil Nadu,Painter,11,0.75,9656,1476.62
Hyderabad,Telangana,Painter,11,1.15,12710,1766.7
Bangalore,Karnataka,Mason,10,0.84,10678,1599.56
Delhi,Delhi,Mason,5,1.22,15869,1522.38
Chennai,Tamil Nadu,Carpenter,7,1.41,13954,1583.58
Delhi,Delhi,Electrician,9,1.38,17268,1766.36
Hyderabad,Telangana,Electrician,5,0.67,17325,1163.0
Chennai,Tamil Nadu,Mason,6,0.54,11093,991.86
Hyderabad,Telangana,Painter,12,1.04,15980,1896.6
Bangalore,Karnataka,Painter,8,1.09,11107,1292.64
Bangalore,Karnataka,Electrician,13,1.24,16440,2007.8
Delhi,Delhi,Carpenter,15,0.84,17477,2011.54
Hyderabad,Telangana,Painter,15,0.66,15807,1905.14
Chennai,Tamil Nadu,Carpenter,6,0.64,15915,1192.3
Pune,Maharashtra,Painter,10,0.93,19498,1504.46
Chennai,Tamil Nadu,Carpenter,10,0.72,19085,1583.7
Bangalore,Karnataka,Mason,7,0.84,10929,1105.58
Delhi,Delhi,Painter,3,1.11,18733,1226.16
Delhi,Delhi,Electrician,7,1.09,10170,1454.9
Bangalore,Karnataka,Mason,5,0.94,10581,1287.62
Delhi,Delhi,Mason,11,1.36,15253,1729.06
Bangalore,Karnataka,Electrician,5,1.38,15833,1248.66
Chennai,Tamil Nadu,Carpenter,3,0.53,11789,823.28
Hyderabad,Telangana,Mason,2,0.77,8337,755.24
Pune,Maharashtra,Painter,3,0.88,11053,989.06
Delhi,Delhi,Carpenter,5,0.52,9406,905.12
Delhi,Delhi,Mason,9,0.83,18458,1466.66
Delhi,Delhi,Painter,9,1.08,12669,1288.38
Pune,Maharashtra,Painter,2,1.13,12469,1155.88
Pune,Maharashtra,Carpenter,1,1.33,13663,879.76
Chennai,Tamil Nadu,Electrician,15,0.93,13285,1883.2
Pune,Maharashtra,Mason,12,0.74,15056,1533.12
Bangalore,Karnataka,Mason,3,0.9,10428,1040.56
Hyderabad,Telangana,Electrician,3,1.13,17497,1372.44
Hyderabad,Telangana,Mason,5,0.62,11619,1279.38
Chennai,Tamil Nadu,Mason,14,1.39,14338,1789.26
Chennai,Tamil Nadu,Painter,7,1.03,19515,1601.8
Bangalore,Karnataka,Carpenter,15,1.44,13713,2114.26
Chennai,Tamil Nadu,Electrician,1,0.96,18502,967.04
Hyderabad,Telangana,Electrician,8,0.95,12445,1245.4
Delhi,Delhi,Carpenter,11,1.2,18456,1553.12
Pune,Maharashtra,Electrician,12,0.87,19308,1527.66
Pune,Maharashtra,Carpenter,14,0.52,11820,1671.4
Hyderabad,Telangana,Carpenter,14,0.79,10594,1592.38
Pune,Maharashtra,Painter,11,0.88,19624,1595.48
Hyderabad,Telangana,Carpenter,15,0.97,8483,1698.16
Delhi,Delhi,Electrician,5,0.64,9411,967.22
Pune,Maharashtra,Electrician,4,0.69,10498,1170.46
Hyderabad,Telangana,Electrician,9,0.82,9387,1411.74
Chennai,Tamil Nadu,Mason,9,0.98,11917,1366.34
Chennai,Tamil Nadu,Electrician,7,0.93,13452,1177.54
Delhi,Delhi,Carpenter,5,1.43,9089,1060.28
Bangalore,Karnataka,Mason,5,0.93,12799,1334.48
Hyderabad,Telangana,Carpenter,9,0.99,19277,1726.04
Bangalore,Karnataka,Carpenter,6,1.36,12054,1296.08
Bangalore,Karnataka,Electrician,9,1.1,8285,1460.7
Pune,Maharashtra,Electrician,15,1.42,17990,1926.8
Pune,Maharashtra,Painter,14,0.82,9477,1513.54
Bangalore,Karnataka,Painter,9,1.25,13500,1586.5
Chennai,Tamil Nadu,Electrician,13,0.52,12587,1716.74
Hyderabad,Telangana,Carpenter,2,0.98,9255,858.1
Hyderabad,Telangana,Electrician,7,1.17,19333,1305.16
Hyderabad,Telangana,Carpenter,5,0.52,13685,1285.7
Delhi,Delhi,Carpenter,10,0.88,12461,1274.22
Chennai,Tamil Nadu,Mason,2,1.41,14696,1136.42
Pune,Maharashtra,Painter,9,0.61,16479,1532.08
Bangalore,Karnataka,Carpenter,14,0.78,15501,1585.02
Hyderabad,Telangana,Carpenter,2,0.95,10080,947.1
Bangalore,Karnataka,Mason,1,1.37,9368,934.86
Chennai,Tamil Nadu,Mason,7,0.89,9501,1286.52
Bangalore,Karnataka,Painter,4,0.9,10676,1021.52
Pune,Maharashtra,Mason,2,0.95,14133,936.16
Hyderabad,Telangana,Electrician,2,1.44,19608,1132.16
Chennai,Tamil Nadu,Electrician,15,0.81,12418,1756.86
Bangalore,Karnataka,Carpenter,13,1.41,19015,1730.8
Bangalore,Karnataka,Electrician,1,1.34,10910,951.2
Chennai,Tamil Nadu,Carpenter,10,0.64,12420,1344.4
Hyderabad,Telangana,Mason,2,0.89,14704,939.58
Bangalore,Karnataka,Carpenter,12,1.18,10676,1659.52
Hyderabad,Telangana,Electrician,1,1.38,16659,1153.18
Chennai,Tamil Nadu,Mason,8,1.41,13725,1317.0
Chennai,Tamil Nadu,Mason,3,1.41,13061,1115.72
Hyderabad,Telangana,Carpenter,11,1.34,12001,1726.02
Bangalore,Karnataka,Carpenter,9,0.87,10732,1394.14
Chennai,Tamil Nadu,Electrician,10,1.48,17472,1538.44
Chennai,Tamil Nadu,Mason,4,1.37,14136,1133.22
Hyderabad,Telangana,Electrician,4,1.35,16264,1414.78
Delhi,Delhi,Carpenter,6,1.42,11791,1276.82
Delhi,Delhi,Painter,1,1.2,18448,1223.96
Pune,Maharashtra,Electrician,10,1.46,16896,1630.92
Chennai,Tamil Nadu,Painter,13,1.22,17888,1764.76
Pune,Maharashtra,Carpenter,12,0.57,14602,1733.54
Bangalore,Karnataka,Mason,1,1.41,14301,1128.52
Delhi,Delhi,Painter,10,1.09,15294,1444.38
Pune,Maharashtra,Painter,2,0.74,14827,1015.54
Delhi,Delhi,Carpenter,3,0.71,10284,864.18
Chennai,Tamil Nadu,Painter,11,1.35,18010,1583.7
Bangalore,Karnataka,Electrician,2,0.67,10540,1028.3
Bangalore,Karnataka,Carpenter,10,1.38,16316,1500.32
Delhi,Delhi,Painter,6,0.62,15837,1110.74
Chennai,Tamil Nadu,Carpenter,4,0.62,15587,1167.74
Pune,Maharashtra,Electrician,4,1.46,9793,1112.86
Delhi,Delhi,Mason,10,0.9,11217,1369.34
Pune,Maharashtra,Electrician,3,1.18,15360,1029.2
Delhi,Delhi,Electrician,7,1.32,19102,1532.04
Hyderabad,Telangana,Painter,4,0.89,18437,1228.24
Pune,Maharashtra,Electrician,14,0.68,10765,1730.3
Hyderabad,Telangana,Electrician,13,0.68,19499,1696.98
Chennai,Tamil Nadu,Carpenter,1,0.58,19947,956.94
Delhi,Delhi,Mason,7,0.58,11269,1219.38
Chennai,Tamil Nadu,Painter,4,0.51,18059,1082.68
Pune,Maharashtra,Carpenter,7,1.15,11820,1445.9
Pune,Maharashtra,Carpenter,13,0.57,10612,1375.74
Bangalore,Karnataka,Electrician,14,0.98,19810,1940.2
Delhi,Delhi,Carpenter,7,0.81,15680,1172.1
Delhi,Delhi,Mason,10,1.19,10076,1527.02
Hyderabad,Telangana,Electrician,13,0.75,18321,1716.92
Delhi,Delhi,Electrician,5,1.19,11347,1141.44
Bangalore,Karnataka,Painter,8,0.84,11618,1481.36
Pune,Maharashtra,Mason,13,1.23,13522,1730.94
Hyderabad,Telangana,Mason,8,0.77,12450,1396.5
Hyderabad,Telangana,Painter,4,1.48,15004,1483.08
Bangalore,Karnataka,Painter,10,1.22,16758,1813.16
Pune,Maharashtra,Painter,3,0.54,13688,1045.76
Pune,Maharashtra,Mason,8,1.11,16787,1318.24
Delhi,Delhi,Carpenter,10,1.32,10366,1558.32
Bangalore,Karnataka,Carpenter,4,1.31,9963,1126.76
Hyderabad,Telangana,Painter,4,0.6,8112,1038.24
Pune,Maharashtra,Mason,9,1.27,17182,1511.14
Hyderabad,Telangana,Mason,13,0.65,16873,1777.96
Chennai,Tamil Nadu,Painter,3,1.32,16685,1208.7
Hyderabad,Telangana,Painter,4,0.91,8696,991.42
Pune,Maharashtra,Mason,14,1.05,16961,1895.72
Bangalore,Karnataka,Electrician,14,0.75,13620,1861.9
Chennai,Tamil Nadu,Electrician,15,1.32,19718,1833.36
Pune,Maharashtra,Carpenter,12,0.67,19368,1871.86
Hyderabad,Telangana,Carpenter,12,0.95,15207,1579.64
Hyderabad,Telangana,Electrician,5,0.62,9152,992.04
Chennai,Tamil Nadu,Electrician,13,0.97,10532,1531.14
Hyderabad,Telangana,Carpenter,15,1.09,8260,1886.7
Bangalore,Karnataka,Painter,7,1.4,8236,1529.72
Delhi,Delhi,Carpenter,1,0.67,15723,960.96
Pune,Maharashtra,Electrician,11,1.05,10992,1542.34
Chennai,Tamil Nadu,Painter,11,1.25,16454,1663.58
Hyderabad,Telangana,Carpenter,10,1.18,10569,1450.38
Chennai,Tamil Nadu,Painter,6,1.46,13482,1307.64
Bangalore,Karnataka,Painter,1,0.67,19170,1079.9
Bangalore,Karnataka,Carpenter,9,0.83,17515,1679.8
Delhi,Delhi,Carpenter,12,0.65,12739,1668.28
Chennai,Tamil Nadu,Mason,7,0.59,19284,1239.18
Hyderabad,Telangana,Electrician,6,0.73,11603,1039.56
Chennai,Tamil Nadu,Painter,1,1.45,12832,1102.14
Pune,Maharashtra,Mason,9,1.16,14054,1381.08
Delhi,Delhi,Painter,11,0.9,14899,1715.98
Hyderabad,Telangana,Mason,2,0.69,11869,1062.88
Bangalore,Karnataka,Carpenter,1,0.82,15498,820.96
Bangalore,Karnataka,Electrician,15,1.03,9399,1781.48
Bangalore,Karnataka,Carpenter,12,1.1,16296,1576.92
Chennai,Tamil Nadu,Mason,2,1.03,15509,1118.68
Hyderabad,Telangana,Painter,6,0.88,13911,1076.22
Pune,Maharashtra,Mason,3,0.93,11844,862.38
Delhi,Delhi,Electrician,3,0.69,10559,834.68
Delhi,Delhi,Electrician,6,1.32,16005,1514.1
Hyderabad,Telangana,Electrician,12,1.01,19384,1849.18
Chennai,Tamil Nadu,Electrician,7,1.5,8656,1513.12
Pune,Maharashtra,Mason,4,0.81,19073,1157.96
Bangalore,Karnataka,Carpenter,9,0.55,17373,1527.96
Delhi,Delhi,Carpenter,9,0.54,13495,1395.9
Hyderabad,Telangana,Electrician,2,0.83,11212,795.74
Pune,Maharashtra,Electrician,2,1.06,13156,1071.12
Delhi,Delhi,Carpenter,10,1.13,14309,1488.68
Hyderabad,Telangana,Electrician,9,1.15,15298,1398.46
Chennai,Tamil Nadu,Electrician,5,0.52,13830,1032.6
Bangalore,Karnataka,Mason,12,0.64,19630,1625.6
Delhi,Delhi,Electrician,14,1.15,19176,2057.02
Pune,Maharashtra,Mason,14,0.55,14902,1853.54
Bangalore,Karnataka,Painter,9,0.6,8914,1121.28
Bangalore,Karnataka,Electrician,4,0.95,11544,1227.38
Hyderabad,Telangana,Painter,14,0.74,16709,1617.18
Chennai,Tamil Nadu,Carpenter,9,0.85,9048,1448.46
Hyderabad,Telangana,Electrician,13,0.65,18989,1847.28
Pune,Maharashtra,Painter,10,0.93,11577,1349.04
Hyderabad,Telangana,Mason,11,1.12,8835,1581.7
Bangalore,Karnataka,Painter,9,0.78,15539,1401.78
Hyderabad,Telangana,Electrician,6,0.83,13912,1290.74
Bangalore,Karnataka,Carpenter,4,1.36,16522,1345.44
Chennai,Tamil Nadu,Carpenter,14,0.53,13364,1594.78
Delhi,Delhi,Painter,5,0.83,12335,1184.2
Pune,Maharashtra,Mason,8,0.52,19428,1314.56
Chennai,Tamil Nadu,Mason,10,1.24,9161,1539.22
Pune,Maharashtra,Electrician,1,1.31,17825,1233.0
Chennai,Tamil Nadu,Painter,2,0.59,19692,941.34
Delhi,Delhi,Painter,6,0.67,8655,940.6
Hyderabad,Telangana,Mason,3,0.68,9530,1003.6
Pune,Maharashtra,Electrician,12,0.84,8917,1398.34
Delhi,Delhi,Electrician,1,1.02,13022,979.44
Bangalore,Karnataka,Painter,1,1.18,10000,830.0
Hyderabad,Telangana,Electrician,13,1.47,11100,1693.5
Hyderabad,Telangana,Electrician,1,1.07,9368,980.86
Hyderabad,Telangana,Painter,1,1.09,10255,973.6
Pune,Maharashtra,Carpenter,9,1.07,11121,1356.92
Pune,Maharashtra,Electrician,6,1.06,16327,1281.54
Delhi,Delhi,Painter,15,1.05,14691,1960.32
Delhi,Delhi,Mason,9,1.37,13451,1685.52
Delhi,Delhi,Mason,3,0.78,18365,1156.3
Pune,Maharashtra,Carpenter,5,0.62,9108,1210.16
Delhi,Delhi,Mason,6,1.16,11063,1318.26
Delhi,Delhi,Electrician,10,0.78,11105,1254.1
Delhi,Delhi,Electrician,4,0.55,9836,1014.22
Delhi,Delhi,Mason,10,1.39,14031,1600.12
Delhi,Delhi,Mason,7,1.28,9060,1485.2
Hyderabad,Telangana,Mason,5,0.5,17482,1350.64
Delhi,Delhi,Painter,10,1.03,8221,1247.92
Hyderabad,Telangana,Carpenter,6,1.45,19151,1650.52
Chennai,Tamil Nadu,Mason,10,0.64,19366,1644.32
Chennai,Tamil Nadu,Carpenter,6,0.84,10309,1289.18
Delhi,Delhi,Painter,6,1.04,11286,1442.72
Delhi,Delhi,Carpenter,11,0.8,13721,1638.42
Pune,Maharashtra,Painter,3,0.76,19960,1227.2
Hyderabad,Telangana,Painter,11,1.14,15537,1696.74
Delhi,Delhi,Carpenter,8,0.6,11131,1330.62
Delhi,Delhi,Painter,15,0.83,16900,1788.5
Bangalore,Karnataka,Electrician,8,0.65,18132,1253.14
Hyderabad,Telangana,Mason,13,0.62,17661,1797.22
Chennai,Tamil Nadu,Painter,1,0.88,17017,863.34
Chennai,Tamil Nadu,Painter,5,0.59,18341,1371.32
Bangalore,Karnataka,Mason,3,0.86,19576,1081.52
Chennai,Tamil Nadu,Carpenter,7,1.43,14588,1434.26
Hyderabad,Telangana,Electrician,11,0.91,9195,1571.4
Pune,Maharashtra,Painter,8,0.91,16141,1433.32
Pune,Maharashtra,Mason,3,1.41,17484,1095.18
Hyderabad,Telangana,Carpenter,7,1.48,11555,1618.1
Hyderabad,Telangana,Carpenter,3,1.31,18986,1192.22
Chennai,Tamil Nadu,Painter,11,1.44,12843,1604.86
Pune,Maharashtra,Carpenter,9,1.49,8313,1315.76
Chennai,Tamil Nadu,Electrician,12,1.26,18197,1666.94
Chennai,Tamil Nadu,Painter,9,1.21,8981,1473.12
Chennai,Tamil Nadu,Electrician,7,0.83,15005,1393.6
Bangalore,Karnataka,Mason,4,1.34,13296,1355.92
Delhi,Delhi,Painter,11,0.76,19576,1768.52
Pune,Maharashtra,Painter,3,0.92,10083,1008.66
Pune,Maharashtra,Mason,5,1.13,18449,1171.48
Hyderabad,Telangana,Painter,13,1.15,17829,1674.08
Pune,Maharashtra,Carpenter,5,1.23,11120,1307.9
Pune,Maharashtra,Mason,8,1.14,19814,1536.28
Delhi,Delhi,Electrician,8,0.65,14975,1219.0
Bangalore,Karnataka,Carpenter,11,1.3,8565,1670.3
Bangalore,Karnataka,Mason,6,1.03,15718,1459.86
Delhi,Delhi,Electrician,2,1.33,13425,1072.0
Delhi,Delhi,Mason,12,1.16,19108,1749.16
Bangalore,Karnataka,Electrician,8,1.19,19148,1546.46
Delhi,Delhi,Carpenter,10,1.19,11156,1620.62
Delhi,Delhi,Mason,3,0.96,15613,1015.26
Pune,Maharashtra,Painter,1,0.95,9543,789.36
Pune,Maharashtra,Mason,13,1.06,17810,1701.2
Delhi,Delhi,Mason,11,1.49,11144,1698.38
Delhi,Delhi,Electrician,7,0.77,14036,1113.22
Pune,Maharashtra,Mason,2,0.87,18205,1164.6
Delhi,Delhi,Carpenter,3,0.82,12632,851.64
Delhi,Delhi,Painter,5,1.31,16435,1229.2
Bangalore,Karnataka,Painter,6,1.45,8849,1356.48
Pune,Maharashtra,Mason,6,1.27,14698,1405.46
Hyderabad,Telangana,Carpenter,13,1.14,10722,1823.44
Hyderabad,Telangana,Electrician,15,0.8,17612,1821.24
Delhi,Delhi,Electrician,12,1.26,19990,1925.8
Delhi,Delhi,Carpenter,4,1.39,14607,1198.64
Pune,Maharashtra,Mason,1,0.89,9585,980.2
Pune,Maharashtra,Carpenter,12,1.38,17370,1907.4
Chennai,Tamil Nadu,Carpenter,15,0.72,19733,2051.66
Hyderabad,Telangana,Painter,13,1.4,9638,1789.76
Chennai,Tamil Nadu,Electrician,12,1.07,12651,1515.52
Delhi,Delhi,Mason,10,0.75,14039,1377.28
Chennai,Tamil Nadu,Mason,12,1.47,17776,1695.02
Pune,Maharashtra,Carpenter,13,0.59,11608,1724.66
Pune,Maharashtra,Carpenter,15,0.85,14923,1641.96
Chennai,Tamil Nadu,Mason,8,1.31,12068,1386.86
Hyderabad,Telangana,Electrician,7,1.23,18373,1483.96
Bangalore,Karnataka,Carpenter,8,1.38,12462,1638.24
Delhi,Delhi,Painter,6,0.87,18871,1346.92
Chennai,Tamil Nadu,Carpenter,6,0.93,15403,1408.56
Chennai,Tamil Nadu,Painter,11,0.73,8614,1341.78
Chennai,Tamil Nadu,Mason,5,0.84,19200,1374.0
Bangalore,Karnataka,Carpenter,14,1.16,17299,1797.98
Pune,Maharashtra,Painter,7,1.27,11697,1335.44
Delhi,Delhi,Painter,5,1.13,15612,1252.74
Hyderabad,Telangana,Electrician,11,0.67,8545,1415.4
Bangalore,Karnataka,Mason,5,0.62,8045,1020.9
Bangalore,Karnataka,Painter,6,1.26,15887,1255.74
Hyderabad,Telangana,Electrician,7,0.94,14403,1308.06
Bangalore,Karnataka,Painter,1,0.57,16727,1135.04
Delhi,Delhi,Carpenter,6,0.5,10145,901.9
Pune,Maharashtra,Mason,14,0.96,10765,1857.3
Delhi,Delhi,Mason,13,0.78,11142,1598.84
Delhi,Delhi,Painter,6,0.82,10388,1136.76
Bangalore,Karnataka,Mason,2,1.45,9154,985.58
Hyderabad,Telangana,Electrician,14,0.62,18483,1748.66
Chennai,Tamil Nadu,Mason,10,1.43,12711,1689.72
Delhi,Delhi,Carpenter,13,0.56,9180,1359.6
Chennai,Tamil Nadu,Carpenter,2,1.36,12150,1147.0
Bangalore,Karnataka,Mason,15,1.36,8974,1624.48
Delhi,Delhi,Carpenter,10,1.03,15160,1373.7
Hyderabad,Telangana,Mason,3,1.44,18725,1256.5
Bangalore,Karnataka,Electrician,6,1.1,14871,1353.42
Pune,Maharashtra,Carpenter,5,1.47,17626,1258.02
Pune,Maharashtra,Electrician,1,1.49,10659,891.68
Delhi,Delhi,Electrician,11,1.4,18986,1961.72
Delhi,Delhi,Painter,13,0.85,10389,1595.28
Hyderabad,Telangana,Carpenter,4,0.51,8996,807.42
Delhi,Delhi,Painter,4,1.11,18801,1196.52
Delhi,Delhi,Electrician,4,1.13,15459,1136.68
Pune,Maharashtra,Electrician,5,1.21,19280,1490.1
Hyderabad,Telangana,Electrician,6,0.82,16524,1231.48
Chennai,Tamil Nadu,Painter,6,1.47,10071,1389.92
Pune,Maharashtra,Mason,7,0.85,14803,1155.56
Hyderabad,Telangana,Electrician,4,0.98,16771,1338.42
Hyderabad,Telangana,Painter,13,1.07,8196,1447.42
Pune,Maharashtra,Electrician,15,0.93,14106,2012.62
Delhi,Delhi,Carpenter,3,1.39,17312,1357.74
Bangalore,Karnataka,Painter,8,1.17,9333,1324.16
Chennai,Tamil Nadu,Carpenter,6,1.46,19828,1404.56
Chennai,Tamil Nadu,Carpenter,4,0.73,11602,964.54
Delhi,Delhi,Painter,12,0.76,8420,1553.4
Hyderabad,Telangana,Electrician,14,0.87,8749,1759.48
Chennai,Tamil Nadu,Painter,15,0.69,19999,2034.48
Delhi,Delhi,Painter,14,1.44,18018,2072.36
Bangalore,Karnataka,Painter,8,0.88,14778,1424.56
Hyderabad,Telangana,Mason,11,1.25,11315,1736.8
Pune,Maharashtra,Painter,7,1.37,14366,1553.82
Hyderabad,Telangana,Painter,4,1.29,8818,984.86
Hyderabad,Telangana,Carpenter,12,1.07,11958,1548.66
Pune,Maharashtra,Mason,7,1.27,11678,1251.06
Chennai,Tamil Nadu,Carpenter,2,1.37,17480,1039.1
Delhi,Delhi,Mason,6,1.16,14799,1200.98
Bangalore,Karnataka,Mason,10,1.2,17905,1832.1
Chennai,Tamil Nadu,Carpenter,3,1.34,14953,1384.06
Bangalore,Karnataka,Mason,13,1.03,9938,1776.26
Pune,Maharashtra,Painter,9,1.21,12973,1452.96
Delhi,Delhi,Electrician,12,1.31,11155,1620.6
Delhi,Delhi,Mason,6,0.99,11068,1362.86
Delhi,Delhi,Mason,10,0.77,18914,1587.78
Pune,Maharashtra,Carpenter,6,1.02,12539,1276.78
Hyderabad,Telangana,Carpenter,2,0.57,12134,758.18
Chennai,Tamil Nadu,Painter,10,1.33,14725,1517.0
Chennai,Tamil Nadu,Mason,7,1.42,17638,1447.76
Chennai,Tamil Nadu,Electrician,6,1.1,17617,1412.34
Delhi,Delhi,Painter,3,1.32,11214,1271.28
Hyderabad,Telangana,Carpenter,7,1.41,17184,1319.18
Pune,Maharashtra,Mason,4,0.98,12191,979.82
Pune,Maharashtra,Carpenter,10,1.09,10424,1473.98
Pune,Maharashtra,Painter,12,1.41,8728,1486.06
Hyderabad,Telangana,Carpenter,13,0.58,12808,1459.16
Bangalore,Karnataka,Carpenter,3,1.04,8324,1091.48
Pune,Maharashtra,Carpenter,9,0.86,14629,1388.58
Hyderabad,Telangana,Painter,2,0.86,12879,997.58
Chennai,Tamil Nadu,Electrician,2,1.32,18328,1328.56
Pune,Maharashtra,Painter,10,0.75,14524,1583.98
Chennai,Tamil Nadu,Mason,4,1.15,19204,1383.58
Hyderabad,Telangana,Electrician,4,1.29,17013,1164.76
Delhi,Delhi,Carpenter,2,1.07,8011,1047.72
Hyderabad,Telangana,Painter,12,1.06,19550,1621.0
Pune,Maharashtra,Painter,7,1.47,15634,1565.18
Pune,Maharashtra,Mason,13,0.69,17890,1770.3
Delhi,Delhi,Mason,13,1.44,8892,1749.84
Delhi,Delhi,Mason,12,1.14,13834,1742.68
Chennai,Tamil Nadu,Carpenter,10,0.99,17629,1431.08
Bangalore,Karnataka,Electrician,10,1.25,11794,1393.38
Bangalore,Karnataka,Painter,5,0.55,14444,1195.38
Chennai,Tamil Nadu,Electrician,3,0.65,16658,967.66
Bangalore,Karnataka,Electrician,15,0.9,8866,1529.32
Hyderabad,Telangana,Electrician,9,1.23,12300,1490.5
Bangalore,Karnataka,Electrician,3,1.25,10248,1043.46
Bangalore,Karnataka,Electrician,10,0.58,17084,1603.68
Hyderabad,Telangana,Painter,3,1.36,9560,1057.2
Delhi,Delhi,Painter,8,1.19,8227,1328.04
Chennai,Tamil Nadu,Carpenter,8,0.51,17557,1289.64
Bangalore,Karnataka,Mason,15,1.32,9016,1796.32
Pune,Maharashtra,Mason,15,1.25,14413,1710.76
Delhi,Delhi,Electrician,4,0.94,12363,1072.26
Bangalore,Karnataka,Painter,2,0.96,18634,1253.68
Bangalore,Karnataka,Carpenter,4,1.47,14466,1308.82
Pune,Maharashtra,Electrician,8,1.47,13296,1313.42
Hyderabad,Telangana,Carpenter,2,1.44,14866,1201.32
Hyderabad,Telangana,Mason,10,0.81,18312,1519.74
Delhi,Delhi,Painter,11,0.65,19533,1427.16
Bangalore,Karnataka,Electrician,15,1.22,11781,1831.62
Delhi,Delhi,Electrician,8,1.21,18378,1490.06
Delhi,Delhi,Carpenter,6,1.23,19087,1635.24
Delhi,Delhi,Painter,8,1.42,12442,1296.84
Delhi,Delhi,Carpenter,10,1.08,14953,1438.06
Bangalore,Karnataka,Carpenter,15,1.04,11779,1796.58
Bangalore,Karnataka,Carpenter,2,0.59,16665,970.8
Hyderabad,Telangana,Electrician,12,1.27,16685,1943.2
Bangalore,Karnataka,Electrician,3,1.21,19856,1236.62
Pune,Maharashtra,Mason,7,1.28,13041,1388.82
Hyderabad,Telangana,Painter,12,1.35,19797,1818.44
Delhi,Delhi,Mason,5,1.31,8049,1030.48
Chennai,Tamil Nadu,Electrician,1,1.31,8075,912.0
Chennai,Tamil Nadu,Carpenter,6,0.77,19785,1393.2
Chennai,Tamil Nadu,Carpenter,9,1.04,13870,1296.4
Chennai,Tamil Nadu,Carpenter,10,0.65,14599,1614.48
Hyderabad,Telangana,Painter,12,0.56,14431,1349.62
Delhi,Delhi,Electrician,6,0.56,19756,1495.12
Hyderabad,Telangana,Painter,4,0.63,19381,1201.12
Hyderabad,Telangana,Carpenter,15,1.46,9360,1852.2
Pune,Maharashtra,Painter,3,0.99,15970,991.9
Hyderabad,Telangana,Painter,8,1.18,19231,1494.62
Hyderabad,Telangana,Mason,7,1.01,11382,1353.14
Delhi,Delhi,Painter,4,0.68,14864,1239.28
Pune,Maharashtra,Painter,14,1.07,17984,1909.18
Chennai,Tamil Nadu,Painter,11,0.84,13860,1565.2
Hyderabad,Telangana,Mason,11,1.05,16771,1678.92
Delhi,Delhi,Painter,8,0.58,8402,1081.04
Chennai,Tamil Nadu,Electrician,15,0.76,11601,1902.02
Hyderabad,Telangana,Mason,8,0.83,9837,1299.24
Pune,Maharashtra,Painter,10,0.56,19250,1582.0
Delhi,Delhi,Mason,8,1.21,9937,1440.24
Bangalore,Karnataka,Painter,8,0.86,15561,1408.22
Bangalore,Karnataka,Mason,4,0.65,14111,1203.72
Delhi,Delhi,Mason,1,1.0,18411,915.22
Chennai,Tamil Nadu,Mason,3,1.23,9185,1079.2
Chennai,Tamil Nadu,Mason,14,0.75,17105,1893.6
Delhi,Delhi,Electrician,8,1.24,11119,1275.38
Hyderabad,Telangana,Mason,11,1.36,11854,1772.08
Hyderabad,Telangana,Painter,10,1.28,17208,1648.16
Chennai,Tamil Nadu,Mason,6,1.21,10301,1102.52
Delhi,Delhi,Electrician,15,0.54,10551,1686.02
Hyderabad,Telangana,Carpenter,9,1.09,15410,1626.7
Bangalore,Karnataka,Electrician,2,1.04,10627,1184.54
Delhi,Delhi,Painter,8,1.46,13672,1509.44
Delhi,Delhi,Electrician,7,1.15,12106,1521.62
Pune,Maharashtra,Mason,11,0.52,19393,1735.86
Bangalore,Karnataka,Painter,4,1.16,11571,1157.42
Bangalore,Karnataka,Painter,8,1.0,16557,1574.14
Delhi,Delhi,Mason,10,1.09,16908,1742.66
Delhi,Delhi,Carpenter,1,0.64,16301,1099.02
Chennai,Tamil Nadu,Carpenter,13,1.23,15103,1964.56
Bangalore,Karnataka,Mason,3,1.32,8682,925.64
Hyderabad,Telangana,Mason,6,1.36,14487,1515.74
Pune,Maharashtra,Electrician,13,1.1,15632,1795.64
Delhi,Delhi,Carpenter,5,1.3,18274,1346.48
Hyderabad,Telangana,Mason,3,1.46,10727,1068.54
Pune,Maharashtra,Electrician,1,1.03,13698,970.46
Pune,Maharashtra,Electrician,5,1.03,14730,1275.1
Chennai,Tamil Nadu,Electrician,5,0.81,8966,1167.82
Hyderabad,Telangana,Painter,4,1.01,15236,1312.22
Hyderabad,Telangana,Electrician,12,1.01,16520,1660.9
Hyderabad,Telangana,Electrician,8,1.07,19156,1600.62
Chennai,Tamil Nadu,Electrician,15,1.05,9808,1765.66
Hyderabad,Telangana,Carpenter,12,1.28,13586,1614.72
Bangalore,Karnataka,Painter,3,1.33,18132,1133.14
Pune,Maharashtra,Electrician,6,1.2,9117,1245.34
Delhi,Delhi,Painter,8,0.93,16883,1647.16
Bangalore,Karnataka,Electrician,13,1.31,18885,1994.2
Bangalore,Karnataka,Carpenter,6,0.57,9619,1228.88
Delhi,Delhi,Electrician,7,1.26,19818,1550.36
Hyderabad,Telangana,Electrician,1,1.44,9115,1145.3
Delhi,Delhi,Mason,6,0.83,10891,1162.32
Delhi,Delhi,Painter,9,0.93,16193,1349.36
Delhi,Delhi,Electrician,7,0.99,11621,1168.92
Bangalore,Karnataka,Mason,7,0.73,11238,1287.26
Pune,Maharashtra,Carpenter,11,1.08,19755,1663.1
Hyderabad,Telangana,Electrician,13,1.31,11983,1584.16
Bangalore,Karnataka,Electrician,3,1.17,18419,1404.88
Delhi,Delhi,Electrician,1,1.16,16186,1080.72
Hyderabad,Telangana,Mason,8,0.7,18637,1514.74
Hyderabad,Telangana,Painter,10,1.33,10617,1666.84
Bangalore,Karnataka,Electrician,6,0.93,19352,1457.54
Bangalore,Karnataka,Mason,14,0.78,16745,1776.9
Delhi,Delhi,Painter,15,0.72,15934,1667.68
Pune,Maharashtra,Carpenter,5,0.89,14162,1084.74
Delhi,Delhi,Electrician,7,1.28,16775,1558.5
Hyderabad,Telangana,Carpenter,4,0.72,11072,1219.44
Pune,Maharashtra,Painter,7,0.74,9100,1365.0
Hyderabad,Telangana,Painter,13,0.99,12367,1531.84
Chennai,Tamil Nadu,Carpenter,8,1.09,13007,1571.64
Pune,Maharashtra,Carpenter,4,0.7,10309,1008.18
Hyderabad,Telangana,Mason,11,0.52,12411,1330.22
Bangalore,Karnataka,Mason,5,1.26,9629,1252.58
Chennai,Tamil Nadu,Electrician,9,1.18,12387,1297.74
Hyderabad,Telangana,Electrician,12,1.37,10696,1837.42
Chennai,Tamil Nadu,Mason,5,1.29,10011,1081.72
Bangalore,Karnataka,Painter,2,1.29,8694,988.38
Chennai,Tamil Nadu,Mason,1,0.84,15684,1116.68
Chennai,Tamil Nadu,Painter,6,0.99,15059,1409.68
Bangalore,Karnataka,Painter,12,0.93,19268,1763.86
Delhi,Delhi,Electrician,7,1.13,18497,1479.44
Pune,Maharashtra,Mason,10,1.14,8121,1321.42
Bangalore,Karnataka,Carpenter,3,1.31,13266,1271.82
Hyderabad,Telangana,Electrician,3,1.15,9059,853.68
Chennai,Tamil Nadu,Painter,7,0.8,13329,1174.58
Delhi,Delhi,Carpenter,9,0.83,16995,1455.4
Hyderabad,Telangana,Mason,2,1.14,12052,1054.04
Bangalore,Karnataka,Electrician,7,1.15,11181,1468.12
Hyderabad,Telangana,Mason,11,0.68,18317,1502.34
Hyderabad,Telangana,Carpenter,3,1.11,15237,1233.24
Pune,Maharashtra,Electrician,14,0.77,15334,1616.18
Delhi,Delhi,Mason,1,0.81,9899,788.48
Hyderabad,Telangana,Painter,8,1.24,13305,1288.1
Chennai,Tamil Nadu,Painter,10,1.48,16127,1581.54
Bangalore,Karnataka,Painter,15,0.52,19497,1999.94
Pune,Maharashtra,Carpenter,6,1.47,11019,1472.88
Pune,Maharashtra,Electrician,13,0.93,18579,1629.08
Hyderabad,Telangana,Mason,6,1.44,17971,1566.42
Delhi,Delhi,Electrician,9,1.21,11109,1367.68
Chennai,Tamil Nadu,Electrician,4,1.19,14065,1295.8
Bangalore,Karnataka,Electrician,15,1.04,10224,1599.48
Bangalore,Karnataka,Mason,15,0.88,8534,1799.68
Bangalore,Karnataka,Electrician,9,1.32,19833,1578.66
Chennai,Tamil Nadu,Mason,6,1.21,19999,1476.48
Delhi,Delhi,Mason,7,1.22,11305,1417.1
Delhi,Delhi,Carpenter,5,0.78,13837,1051.74
Bangalore,Karnataka,Painter,15,1.01,10989,1621.28
Hyderabad,Telangana,Electrician,10,0.99,9737,1362.24
Chennai,Tamil Nadu,Electrician,13,0.97,17678,1755.06
Delhi,Delhi,Electrician,8,0.78,16771,1276.42
Bangalore,Karnataka,Carpenter,5,0.67,10599,1111.48
Bangalore,Karnataka,Electrician,2,0.68,19906,937.12
Chennai,Tamil Nadu,Electrician,11,0.75,19318,1631.86
Chennai,Tamil Nadu,Electrician,7,1.1,14948,1300.96
Pune,Maharashtra,Carpenter,12,1.16,10430,1490.6
Pune,Maharashtra,Mason,9,0.77,14206,1349.62
Pune,Maharashtra,Electrician,2,0.8,12291,1080.82
Pune,Maharashtra,Painter,3,0.73,11503,1153.56
Pune,Maharashtra,Carpenter,14,1.14,11582,1601.64
Delhi,Delhi,Electrician,6,1.16,19220,1345.4
Hyderabad,Telangana,Electrician,11,0.59,15818,1559.86
Hyderabad,Telangana,Carpenter,6,0.74,15167,1376.34
Pune,Maharashtra,Painter,4,1.04,8894,1052.88
Bangalore,Karnataka,Carpenter,5,1.17,11427,1399.04
Chennai,Tamil Nadu,Electrician,5,0.56,11580,915.6
Chennai,Tamil Nadu,Painter,14,0.59,15240,1835.3
Bangalore,Karnataka,Painter,3,1.45,19271,1322.92
Hyderabad,Telangana,Painter,14,0.95,11502,1751.54
Pune,Maharashtra,Carpenter,7,1.32,14648,1364.96
Delhi,Delhi,Painter,4,1.02,11401,1280.02
Bangalore,Karnataka,Electrician,14,0.69,9887,1775.24
Chennai,Tamil Nadu,Carpenter,6,0.8,15770,1364.4
Delhi,Delhi,Painter,9,0.77,17914,1311.78
Delhi,Delhi,Carpenter,1,1.49,11893,1133.36
Pune,Maharashtra,Carpenter,4,1.37,18846,1455.42
Chennai,Tamil Nadu,Carpenter,5,0.91,12542,1195.34
Bangalore,Karnataka,Electrician,3,1.13,11759,1088.68
Pune,Maharashtra,Electrician,2,1.2,16421,1141.42
Chennai,Tamil Nadu,Painter,11,1.17,13712,1532.74
Bangalore,Karnataka,Electrician,8,1.39,18010,1643.7
Pune,Maharashtra,Mason,1,0.57,18432,868.14
Bangalore,Karnataka,Electrician,12,0.8,13640,1425.8
Pune,Maharashtra,Electrician,1,1.18,16837,1214.74
Delhi,Delhi,Mason,14,0.57,19475,1957.0
Bangalore,Karnataka,Mason,5,1.37,14205,1460.6
Chennai,Tamil Nadu,Mason,8,1.42,19706,1438.12
Delhi,Delhi,Electrician,9,1.04,19922,1445.44
Chennai,Tamil Nadu,Electrician,7,1.29,10721,1165.92
Pune,Maharashtra,Painter,2,1.09,9658,829.66
Pune,Maharashtra,Electrician,7,1.28,19906,1480.12
Pune,Maharashtra,Electrician,1,1.03,10065,995.8
Chennai,Tamil Nadu,Mason,13,1.42,10390,1709.8
Hyderabad,Telangana,Electrician,4,0.66,8355,1036.1
Chennai,Tamil Nadu,Electrician,11,0.68,19923,1709.46
Bangalore,Karnataka,Carpenter,6,1.49,19329,1496.08
Chennai,Tamil Nadu,Electrician,13,0.52,19223,1711.46
Bangalore,Karnataka,Electrician,4,1.08,17009,1310.18
Bangalore,Karnataka,Carpenter,7,0.78,12330,1266.6
Bangalore,Karnataka,Carpenter,10,0.63,12761,1609.72
Delhi,Delhi,Mason,3,1.37,11221,1049.92
Bangalore,Karnataka,Painter,6,0.93,13381,1237.12
Pune,Maharashtra,Painter,11,0.68,8632,1399.64
Pune,Maharashtra,Painter,8,0.95,16508,1644.66
Chennai,Tamil Nadu,Carpenter,11,0.71,9782,1532.14
Pune,Maharashtra,Electrician,9,0.84,9615,1297.3
Pune,Maharashtra,Mason,4,0.84,19593,1043.86
Delhi,Delhi,Carpenter,14,0.99,10412,1696.74
Hyderabad,Telangana,Carpenter,15,0.52,9874,1457.48
Chennai,Tamil Nadu,Carpenter,10,0.96,12336,1349.72
Chennai,Tamil Nadu,Painter,14,0.93,10998,1534.46
Chennai,Tamil Nadu,Mason,5,0.74,8745,892.9
Bangalore,Karnataka,Mason,7,1.42,19783,1617.66
Pune,Maharashtra,Mason,11,0.64,18330,1488.6
Chennai,Tamil Nadu,Electrician,1,0.53,12692,727.34
Delhi,Delhi,Painter,7,0.81,12582,1300.14
Bangalore,Karnataka,Electrician,12,1.42,18345,2032.9
Delhi,Delhi,Electrician,6,0.94,10856,1153.12
Pune,Maharashtra,Carpenter,1,0.94,19917,1113.34
Pune,Maharashtra,Mason,4,0.69,16019,1197.88
Hyderabad,Telangana,Painter,5,0.84,12982,1335.64
Hyderabad,Telangana,Carpenter,8,1.44,18605,1710.1
Delhi,Delhi,Mason,8,0.73,18327,1451.04
Pune,Maharashtra,Mason,2,0.52,9999,736.98
Delhi,Delhi,Carpenter,3,1.18,16528,1384.56
Pune,Maharashtra,Mason,10,0.65,13127,1394.04
Bangalore,Karnataka,Carpenter,14,0.7,16917,1581.34
Bangalore,Karnataka,Carpenter,4,1.37,10888,1394.26
Chennai,Tamil Nadu,Painter,8,0.95,11346,1250.42
Chennai,Tamil Nadu,Carpenter,1,1.27,9335,975.2
Pune,Maharashtra,Painter,10,0.74,12982,1557.64
Bangalore,Karnataka,Painter,13,0.6,9762,1573.24
Chennai,Tamil Nadu,Painter,3,0.7,8109,1069.18
Delhi,Delhi,Painter,3,0.64,11639,993.78
Delhi,Delhi,Mason,15,0.72,16595,1944.9
Pune,Maharashtra,Painter,12,0.52,13279,1438.58
Bangalore,Karnataka,Painter,12,0.9,10562,1583.24
Hyderabad,Telangana,Carpenter,10,1.07,11357,1578.64
Pune,Maharashtra,Carpenter,14,1.01,14165,1884.8
Chennai,Tamil Nadu,Electrician,10,0.79,14191,1449.32
Bangalore,Karnataka,Electrician,15,1.05,19676,1833.02
Delhi,Delhi,Carpenter,11,0.6,16841,1613.82
Delhi,Delhi,Painter,2,1.09,17627,1335.04
Pune,Maharashtra,Electrician,8,1.46,17805,1489.1
Pune,Maharashtra,Carpenter,3,0.86,14722,1110.44
Delhi,Delhi,Mason,4,0.82,9529,930.58
Chennai,Tamil Nadu,Mason,15,1.03,16344,2023.38
Chennai,Tamil Nadu,Painter,4,0.87,19247,1096.44
Bangalore,Karnataka,Electrician,7,0.55,10679,1120.08
Chennai,Tamil Nadu,Electrician,10,1.47,17443,1862.36
Bangalore,Karnataka,Painter,10,0.71,13951,1519.52
Hyderabad,Telangana,Electrician,5,1.11,11962,1060.74
Hyderabad,Telangana,Painter,4,1.35,16692,1460.34
Delhi,Delhi,Carpenter,13,1.49,16496,1744.42
Chennai,Tamil Nadu,Electrician,12,0.57,12152,1305.54
Bangalore,Karnataka,Painter,11,0.76,11622,1615.44
Chennai,Tamil Nadu,Electrician,7,0.65,8276,1180.02
Delhi,Delhi,Painter,7,1.31,19956,1363.62
Chennai,Tamil Nadu,Painter,3,1.31,13125,1147.0
Bangalore,Karnataka,Carpenter,7,1.11,18704,1330.58
Chennai,Tamil Nadu,Mason,4,0.61,17388,1242.26
Hyderabad,Telangana,Electrician,6,1.3,10538,1151.76
Delhi,Delhi,Painter,11,1.48,13459,1868.18
Hyderabad,Telangana,Painter,3,0.74,12399,915.98
Delhi,Delhi,Painter,9,0.89,14516,1428.82
Bangalore,Karnataka,Carpenter,4,1.47,9116,1133.82
Pune,Maharashtra,Painter,14,0.84,12799,1643.98
Hyderabad,Telangana,Painter,15,1.07,11785,1976.2
Chennai,Tamil Nadu,Carpenter,12,0.93,18611,1705.72
Pune,Maharashtra,Carpenter,14,1.08,16424,1892.48
Pune,Maharashtra,Carpenter,11,0.6,13418,1652.36
Delhi,Delhi,Carpenter,6,1.34,19541,1343.82
Bangalore,Karnataka,Painter,3,1.37,9956,1275.62
Bangalore,Karnataka,Electrician,10,0.53,14652,1555.54
Hyderabad,Telangana,Carpenter,14,1.4,13242,1686.84
Chennai,Tamil Nadu,Carpenter,5,1.5,9225,1254.5
Chennai,Tamil Nadu,Electrician,15,1.42,9665,1799.3
Hyderabad,Telangana,Painter,2,0.85,17209,1215.68
Pune,Maharashtra,Carpenter,9,0.56,16375,1216.5
Delhi,Delhi,Electrician,12,1.34,14378,1920.56
Bangalore,Karnataka,Painter,9,1.47,19376,1789.02
Bangalore,Karnataka,Mason,11,0.78,10309,1504.18
Hyderabad,Telangana,Carpenter,4,1.22,11966,1013.32
Delhi,Delhi,Carpenter,5,1.07,9916,1057.82
Bangalore,Karnataka,Carpenter,2,0.7,16945,1190.9
Chennai,Tamil Nadu,Painter,5,1.11,14188,1093.26
Bangalore,Karnataka,Electrician,3,1.23,19416,1243.82
Delhi,Delhi,Carpenter,11,1.42,11760,1567.2
Delhi,Delhi,Mason,2,1.07,11250,1114.5
Chennai,Tamil Nadu,Mason,13,0.53,15110,1476.7
Delhi,Delhi,Mason,2,0.83,19020,1050.9
Pune,Maharashtra,Electrician,1,1.25,19124,1174.98
Delhi,Delhi,Painter,5,1.3,19012,1267.24
Chennai,Tamil Nadu,Carpenter,1,1.38,16757,1105.14
Pune,Maharashtra,Electrician,9,0.66,18102,1435.04
Bangalore,Karnataka,Mason,15,1.0,12809,1852.18
Hyderabad,Telangana,Mason,10,0.6,18463,1695.26
Chennai,Tamil Nadu,Mason,9,1.5,17431,1557.62
Hyderabad,Telangana,Carpenter,2,1.49,12229,999.08
Chennai,Tamil Nadu,Mason,3,0.84,18059,1322.18
Hyderabad,Telangana,Painter,1,1.09,17968,1255.86
Chennai,Tamil Nadu,Painter,4,1.2,15655,1384.1
Hyderabad,Telangana,Carpenter,12,0.67,11529,1656.08
Bangalore,Karnataka,Electrician,1,1.22,19288,1337.76
Hyderabad,Telangana,Painter,12,0.97,19569,1931.88
Pune,Maharashtra,Painter,14,1.07,9561,1870.72
Hyderabad,Telangana,Painter,11,0.76,8846,1381.92
Chennai,Tamil Nadu,Mason,15,0.7,19258,1917.16
Bangalore,Karnataka,Mason,6,0.63,12145,1324.4
Delhi,Delhi,Electrician,14,0.87,17084,1971.18
Pune,Maharashtra,Mason,8,1.0,11574,1525.48
Chennai,Tamil Nadu,Electrician,6,0.95,14018,1104.86
Bangalore,Karnataka,Carpenter,5,1.26,16842,1202.84
Delhi,Delhi,Painter,8,1.38,10883,1515.66
Pune,Maharashtra,Electrician,7,0.85,8566,1336.82
Bangalore,Karnataka,Mason,8,0.58,15378,1532.56
Chennai,Tamil Nadu,Electrician,8,1.4,19899,1745.98
Delhi,Delhi,Carpenter,10,0.97,13055,1329.6
Pune,Maharashtra,Electrician,8,1.33,17105,1463.6
Hyderabad,Telangana,Carpenter,11,1.4,10282,1519.64
Hyderabad,Telangana,Painter,15,0.62,17320,1644.4
Chennai,Tamil Nadu,Electrician,14,0.82,19360,1838.2
Delhi,Delhi,Mason,10,0.6,11230,1499.6
Delhi,Delhi,Carpenter,7,1.41,16254,1456.58
Bangalore,Karnataka,Painter,11,1.35,13124,1775.98
Chennai,Tamil Nadu,Painter,3,1.27,17813,1447.76
Delhi,Delhi,Electrician,1,1.33,9097,1109.44
Bangalore,Karnataka,Mason,9,1.33,12300,1669.5
Hyderabad,Telangana,Painter,4,1.09,15508,1363.66
Pune,Maharashtra,Carpenter,15,0.81,15189,2002.28
Hyderabad,Telangana,Carpenter,15,0.85,18328,2040.06
Chennai,Tamil Nadu,Carpenter,1,1.19,9396,777.42
Chennai,Tamil Nadu,Carpenter,1,0.74,10700,1045.0
Hyderabad,Telangana,Mason,10,0.87,12831,1614.12
Delhi,Delhi,Carpenter,3,0.85,14044,1054.38
Pune,Maharashtra,Mason,10,1.02,8680,1602.6
Pune,Maharashtra,Electrician,9,1.23,12573,1560.96
Hyderabad,Telangana,Carpenter,2,0.51,12540,988.3
Pune,Maharashtra,Carpenter,11,1.02,17324,1676.48
Bangalore,Karnataka,Electrician,9,0.58,10704,1273.08
Hyderabad,Telangana,Painter,2,1.42,13884,1058.68
Hyderabad,Telangana,Electrician,8,1.35,12206,1523.62
Chennai,Tamil Nadu,Mason,15,1.33,13407,1727.64
Hyderabad,Telangana,Painter,4,0.75,11347,925.44
Delhi,Delhi,Electrician,1,1.41,17507,965.64
Chennai,Tamil Nadu,Carpenter,2,1.33,15605,1068.6
Delhi,Delhi,Carpenter,9,1.05,17326,1543.02
Pune,Maharashtra,Carpenter,1,1.22,8376,853.52
Chennai,Tamil Nadu,Painter,4,0.67,16204,1203.58
Chennai,Tamil Nadu,Electrician,2,0.94,8351,728.02
Chennai,Tamil Nadu,Mason,5,1.23,15607,1362.64
Chennai,Tamil Nadu,Carpenter,8,1.19,15183,1543.16
Hyderabad,Telangana,Painter,10,1.38,8979,1706.58
Chennai,Tamil Nadu,Carpenter,11,0.52,16331,1694.62
Hyderabad,Telangana,Electrician,12,0.94,16122,1582.44
Pune,Maharashtra,Electrician,6,0.79,19483,1221.16
Delhi,Delhi,Electrician,11,1.4,14427,1640.54
Delhi,Delhi,Mason,15,0.87,11194,1711.38
Bangalore,Karnataka,Carpenter,9,0.68,11318,1158.36
Delhi,Delhi,Painter,1,1.35,19390,1261.3
Hyderabad,Telangana,Mason,5,1.23,16785,1534.2
Pune,Maharashtra,Painter,8,1.0,9406,1245.12
Chennai,Tamil Nadu,Painter,1,1.21,17525,950.0
Bangalore,Karnataka,Painter,6,0.82,11855,1273.1
Hyderabad,Telangana,Electrician,5,1.28,19061,1371.22
Hyderabad,Telangana,Mason,1,1.48,16506,1199.12
Pune,Maharashtra,Carpenter,1,0.88,9903,697.06
Pune,Maharashtra,Carpenter,4,0.71,18402,1085.54
Hyderabad,Telangana,Carpenter,9,0.96,15544,1376.88
Chennai,Tamil Nadu,Mason,6,1.08,17903,1547.06
Bangalore,Karnataka,Painter,4,1.24,10505,1327.1
Bangalore,Karnataka,Mason,3,0.59,17331,927.12
Bangalore,Karnataka,Electrician,12,0.78,10302,1352.04
Bangalore,Karnataka,Painter,3,0.83,18439,1331.28
Chennai,Tamil Nadu,Carpenter,15,1.45,19206,1900.62
Hyderabad,Telangana,Mason,3,1.25,17161,1079.72
Pune,Maharashtra,Carpenter,13,1.21,17722,1702.94
Hyderabad,Telangana,Electrician,8,1.09,17526,1408.02
Chennai,Tamil Nadu,Carpenter,14,1.25,19307,1811.64
Bangalore,Karnataka,Mason,4,1.35,8026,1204.02
Delhi,Delhi,Painter,9,1.47,17924,1865.98
Hyderabad,Telangana,Painter,13,0.8,8895,1386.9
Bangalore,Karnataka,Painter,10,1.42,8504,1358.08
Hyderabad,Telangana,Painter,12,1.42,15297,1788.94
Chennai,Tamil Nadu,Painter,4,0.63,9279,893.08
Bangalore,Karnataka,Carpenter,1,0.96,19843,1269.86
Hyderabad,Telangana,Painter,1,1.05,11602,1055.54
Chennai,Tamil Nadu,Electrician,2,0.8,19036,986.72
Hyderabad,Telangana,Carpenter,4,0.59,12309,942.68
Chennai,Tamil Nadu,Painter,2,1.37,18125,1369.0
Chennai,Tamil Nadu,Painter,5,1.11,10889,1391.28
Bangalore,Karnataka,Electrician,1,0.55,12028,790.06
Chennai,Tamil Nadu,Electrician,13,0.91,15767,1884.84
Bangalore,Karnataka,Electrician,1,1.33,15885,1195.2
Chennai,Tamil Nadu,Mason,2,1.05,14178,1135.06
Pune,Maharashtra,Carpenter,4,0.91,11550,1229.5
Hyderabad,Telangana,Carpenter,5,1.45,16523,1277.96
Hyderabad,Telangana,Mason,12,1.37,19511,1903.72
Bangalore,Karnataka,Carpenter,6,1.21,11748,1271.46
Hyderabad,Telangana,Electrician,14,1.48,14565,1720.3
Pune,Maharashtra,Carpenter,13,0.98,9198,1671.96
Delhi,Delhi,Electrician,8,1.06,14602,1579.04
Hyderabad,Telangana,Mason,2,1.4,17067,1075.34
Delhi,Delhi,Mason,3,1.28,8041,970.82
Chennai,Tamil Nadu,Mason,9,1.05,14133,1286.16
Hyderabad,Telangana,Carpenter,8,0.72,9407,1368.14
Delhi,Delhi,Carpenter,10,0.88,14617,1435.34
Delhi,Delhi,Electrician,8,1.17,16092,1554.34
Pune,Maharashtra,Carpenter,5,0.62,17009,1082.18
Pune,Maharashtra,Carpenter,11,1.3,17207,1660.14
Delhi,Delhi,Painter,6,0.52,15271,1326.42
Delhi,Delhi,Mason,11,1.06,19528,1845.56
Chennai,Tamil Nadu,Mason,11,1.43,15941,1594.32
Delhi,Delhi,Painter,5,1.14,17859,1199.18
Pune,Maharashtra,Electrician,5,0.64,14453,1331.06
Hyderabad,Telangana,Electrician,9,0.73,8182,1224.14
Hyderabad,Telangana,Carpenter,8,1.47,10106,1250.62
Chennai,Tamil Nadu,Mason,8,0.74,16897,1520.94
Pune,Maharashtra,Carpenter,5,1.4,9596,1176.92
Bangalore,Karnataka,Carpenter,12,0.54,12320,1568.4
Pune,Maharashtra,Electrician,6,1.29,9083,1303.16
Chennai,Tamil Nadu,Mason,7,1.38,16260,1575.2
Hyderabad,Telangana,Mason,12,1.16,19851,1847.02
Pune,Maharashtra,Mason,7,0.62,11894,1307.88
Chennai,Tamil Nadu,Electrician,3,1.31,16625,1261.0
Bangalore,Karnataka,Painter,7,0.97,11439,1403.28
Pune,Maharashtra,Carpenter,11,1.42,17288,1764.76
Chennai,Tamil Nadu,Painter,4,1.45,13652,1440.54
Hyderabad,Telangana,Painter,5,1.34,12045,1152.9
Pune,Maharashtra,Painter,10,0.6,15719,1477.38
Delhi,Delhi,Carpenter,1,1.42,16156,1245.12
Hyderabad,Telangana,Carpenter,1,1.15,13687,942.24
Bangalore,Karnataka,Painter,8,0.7,12302,1300.04
Hyderabad,Telangana,Painter,8,1.35,17861,1609.72
Chennai,Tamil Nadu,Painter,9,1.31,11416,1374.82
Delhi,Delhi,Carpenter,6,0.62,12294,1311.88
Hyderabad,Telangana,Electrician,14,0.61,9361,1769.72
Delhi,Delhi,Carpenter,7,0.67,12512,1356.74
Delhi,Delhi,Mason,7,1.08,12370,1309.4
Delhi,Delhi,Mason,4,0.57,8620,1099.9
Bangalore,Karnataka,Carpenter,8,0.79,16606,1581.62
Pune,Maharashtra,Electrician,13,1.12,11158,1638.16
Pune,Maharashtra,Mason,9,0.78,15781,1452.62
Hyderabad,Telangana,Mason,9,1.46,9129,1503.58
Chennai,Tamil Nadu,Carpenter,11,1.36,8519,1461.38
Pune,Maharashtra,Mason,14,0.98,13130,1615.6
Delhi,Delhi,Carpenter,4,1.06,11340,1218.8
Delhi,Delhi,Carpenter,14,1.37,17384,1808.18
Hyderabad,Telangana,Mason,14,1.22,9829,1673.58
Chennai,Tamil Nadu,Painter,3,1.36,14308,1074.16
Pune,Maharashtra,Carpenter,14,1.01,11946,1724.42
Delhi,Delhi,Painter,9,0.59,8052,1083.54
Pune,Maharashtra,Carpenter,4,1.31,13104,1095.58
Pune,Maharashtra,Mason,14,0.98,17659,1644.18
Bangalore,Karnataka,Carpenter,9,0.66,13212,1552.24
Chennai,Tamil Nadu,Mason,13,0.79,13030,1648.1
Hyderabad,Telangana,Carpenter,3,1.33,10818,948.86
Delhi,Delhi,Painter,5,1.32,15555,1240.1
Hyderabad,Telangana,Painter,14,1.33,14747,1853.44
Pune,Maharashtra,Carpenter,2,1.29,18859,1031.68
Chennai,Tamil Nadu,Painter,2,0.74,12412,1119.24
Delhi,Delhi,Electrician,5,0.77,8941,1160.32
Hyderabad,Telangana,Carpenter,5,1.47,17042,1370.34
Hyderabad,Telangana,Painter,11,1.41,10797,1690.44
Hyderabad,Telangana,Painter,6,0.81,15515,1302.8
Bangalore,Karnataka,Electrician,10,1.36,16829,1792.58
Pune,Maharashtra,Mason,8,0.67,19175,1530.0
Hyderabad,Telangana,Carpenter,7,1.45,17545,1532.4
Delhi,Delhi,Painter,2,1.23,8042,1057.34
Chennai,Tamil Nadu,Painter,5,1.03,9470,1222.9
Delhi,Delhi,Mason,13,0.98,13365,1751.3
Hyderabad,Telangana,Mason,3,0.89,11983,1125.16
Pune,Maharashtra,Carpenter,3,0.87,12057,936.64
Pune,Maharashtra,Carpenter,10,1.42,13223,1435.46
Chennai,Tamil Nadu,Carpenter,7,0.55,10818,1297.86
Hyderabad,Telangana,Mason,12,0.51,10948,1333.46
Bangalore,Karnataka,Painter,4,1.23,19202,1334.54
Delhi,Delhi,Electrician,12,0.8,14234,1726.68
Delhi,Delhi,Mason,8,1.44,10445,1435.9
Hyderabad,Telangana,Electrician,1,0.79,10175,889.0
Hyderabad,Telangana,Painter,6,0.98,14268,1469.36
Delhi,Delhi,Carpenter,8,1.35,12537,1457.24
Pune,Maharashtra,Mason,7,0.71,13610,1166.7
Delhi,Delhi,Carpenter,12,0.76,9569,1389.38
Chennai,Tamil Nadu,Carpenter,15,1.27,11228,1994.06
Pune,Maharashtra,Carpenter,9,0.96,16871,1712.42
Chennai,Tamil Nadu,Electrician,1,1.5,11738,1069.76
Hyderabad,Telangana,Painter,4,1.08,12029,1175.58
Delhi,Delhi,Painter,11,0.66,15475,1354.5
Chennai,Tamil Nadu,Painter,2,0.95,9549,770.48
Hyderabad,Telangana,Carpenter,11,1.01,18684,1849.18
Chennai,Tamil Nadu,Mason,11,0.78,13629,1623.58
Pune,Maharashtra,Painter,14,1.15,19844,1999.38
Pune,Maharashtra,Carpenter,12,1.18,12453,1562.06
Bangalore,Karnataka,Carpenter,8,0.75,17404,1477.58
Bangalore,Karnataka,Electrician,1,1.24,11890,1144.8
Delhi,Delhi,Carpenter,9,1.21,9002,1276.54
Chennai,Tamil Nadu,Carpenter,4,0.67,14966,1141.82
Hyderabad,Telangana,Carpenter,1,1.35,16727,1314.04
Bangalore,Karnataka,Electrician,14,1.37,12544,1769.38
Delhi,Delhi,Carpenter,10,1.41,16605,1781.6
Bangalore,Karnataka,Mason,12,1.49,16553,1872.56
Bangalore,Karnataka,Mason,14,1.35,16853,1839.56
Delhi,Delhi,Mason,1,0.98,11558,1033.16
Delhi,Delhi,Electrician,5,1.28,17663,1213.26
Bangalore,Karnataka,Painter,6,1.44,12397,1209.94
Delhi,Delhi,Carpenter,14,1.42,8196,1847.92
Bangalore,Karnataka,Electrician,8,1.07,10318,1470.86
Delhi,Delhi,Carpenter,11,1.04,13576,1626.52
Chennai,Tamil Nadu,Electrician,7,0.63,9243,1337.36
Delhi,Delhi,Painter,4,1.04,14518,1049.36
Pune,Maharashtra,Mason,3,1.06,12305,1035.1
Chennai,Tamil Nadu,Carpenter,1,0.69,8822,973.94
Delhi,Delhi,Painter,9,0.72,8827,1125.54
Chennai,Tamil Nadu,Mason,1,0.77,13194,827.38
Hyderabad,Telangana,Mason,7,1.06,8687,1389.74
Pune,Maharashtra,Painter,1,1.03,11908,911.66
Chennai,Tamil Nadu,Electrician,7,0.97,17338,1538.26
Delhi,Delhi,Mason,5,0.82,12436,990.72
Chennai,Tamil Nadu,Mason,3,0.55,16784,1089.18
Hyderabad,Telangana,Electrician,9,0.56,19159,1553.18
Pune,Maharashtra,Mason,11,0.68,10266,1570.32
Bangalore,Karnataka,Painter,6,1.01,13768,1381.86
Bangalore,Karnataka,Electrician,5,1.21,16464,1262.78
Hyderabad,Telangana,Mason,4,1.3,14999,1130.98
Hyderabad,Telangana,Electrician,3,0.99,8679,1056.08
Chennai,Tamil Nadu,Mason,10,0.76,9913,1354.26
Chennai,Tamil Nadu,Carpenter,1,1.37,17102,1112.54
Hyderabad,Telangana,Painter,5,1.29,16437,1376.24
Pune,Maharashtra,Electrician,10,1.12,9407,1489.14
Hyderabad,Telangana,Carpenter,4,0.71,9508,822.66
Hyderabad,Telangana,Electrician,5,0.8,18525,1456.5
Hyderabad,Telangana,Painter,15,1.48,9659,1701.18
Bangalore,Karnataka,Painter,1,1.11,10198,1086.46
Delhi,Delhi,Painter,4,1.4,17374,1175.48
Delhi,Delhi,Electrician,13,1.04,13744,1808.88
Pune,Maharashtra,Carpenter,12,0.75,14929,1661.08
Chennai,Tamil Nadu,Mason,12,1.46,13901,1775.02
Chennai,Tamil Nadu,Mason,2,0.92,11234,1156.68
Delhi,Delhi,Mason,13,1.46,8136,1654.72
Hyderabad,Telangana,Carpenter,13,1.4,16227,1837.54
Bangalore,Karnataka,Mason,7,1.0,12733,1284.66
Delhi,Delhi,Electrician,12,1.42,18477,1730.54
Chennai,Tamil Nadu,Electrician,5,1.26,16975,1505.5
Hyderabad,Telangana,Carpenter,9,1.23,11600,1322.5
Bangalore,Karnataka,Electrician,14,0.79,9849,1616.48
Delhi,Delhi,Mason,8,1.38,15320,1589.4
Chennai,Tamil Nadu,Mason,9,0.64,16854,1412.08
Pune,Maharashtra,Painter,11,1.4,15883,1850.66
Hyderabad,Telangana,Painter,3,1.03,8614,941.78
Delhi,Delhi,Electrician,13,1.25,14571,1818.92
Hyderabad,Telangana,Electrician,1,0.54,10828,655.56
Bangalore,Karnataka,Carpenter,12,1.19,13910,1562.7
Pune,Maharashtra,Painter,8,0.88,18317,1499.34
Pune,Maharashtra,Electrician,10,0.54,9505,1306.1
Chennai,Tamil Nadu,Painter,14,1.19,9495,1820.4
Pune,Maharashtra,Painter,11,0.81,10354,1319.58
Pune,Maharashtra,Mason,11,0.78,16910,1586.2
Delhi,Delhi,Painter,7,0.98,17474,1245.48
Pune,Maharashtra,Carpenter,14,1.23,14815,1711.8
Hyderabad,Telangana,Electrician,1,1.45,14054,1116.58
Bangalore,Karnataka,Painter,4,0.82,8521,990.42
Delhi,Delhi,Mason,14,1.2,14219,1735.38
Delhi,Delhi,Electrician,1,1.1,14654,1036.08
Hyderabad,Telangana,Mason,2,0.76,18501,1005.02
Delhi,Delhi,Painter,14,1.05,8805,1559.6
Chennai,Tamil Nadu,Electrician,1,0.67,11599,822.48
Bangalore,Karnataka,Carpenter,7,0.87,8187,1231.24
Chennai,Tamil Nadu,Carpenter,9,0.84,13115,1384.3
Delhi,Delhi,Electrician,14,1.49,12556,2024.62
Delhi,Delhi,Painter,13,1.31,12856,1954.62
Pune,Maharashtra,Painter,13,1.08,9824,1621.48
Chennai,Tamil Nadu,Mason,5,1.25,19713,1278.76
Hyderabad,Telangana,Electrician,1,1.0,19649,1272.98
Pune,Maharashtra,Electrician,10,1.41,16855,1728.6
Pune,Maharashtra,Carpenter,6,0.97,14601,1329.52
Bangalore,Karnataka,Painter,10,0.57,14821,1435.92
Delhi,Delhi,Carpenter,14,0.89,13081,1781.12
Hyderabad,Telangana,Mason,11,1.22,19277,1802.54
Hyderabad,Telangana,Painter,2,1.38,16456,1010.12
Hyderabad,Telangana,Carpenter,7,1.0,8779,1318.58
Hyderabad,Telangana,Carpenter,9,0.82,15015,1578.3
Bangalore,Karnataka,Carpenter,8,1.16,18267,1547.34
Bangalore,Karnataka,Mason,14,1.02,9282,1556.64
Delhi,Delhi,Electrician,14,0.83,17723,1687.96
Bangalore,Karnataka,Carpenter,6,1.43,14400,1231.5
Pune,Maharashtra,Painter,2,0.59,16306,1177.62
Hyderabad,Telangana,Painter,4,0.79,12413,1072.76
Pune,Maharashtra,Carpenter,8,0.82,9830,1357.6
Hyderabad,Telangana,Mason,14,1.15,9330,1535.1
Delhi,Delhi,Carpenter,3,1.14,9627,1117.54
Chennai,Tamil Nadu,Electrician,14,0.8,10663,1556.26
Bangalore,Karnataka,Electrician,10,0.85,19483,1424.16
Delhi,Delhi,Carpenter,15,1.19,8274,1600.98
Pune,Maharashtra,Painter,4,0.92,19915,1213.3
Bangalore,Karnataka,Mason,6,1.12,12512,1150.24
Chennai,Tamil Nadu,Painter,1,0.58,19933,1023.66
Delhi,Delhi,Carpenter,12,0.89,10655,1430.6
Delhi,Delhi,Painter,5,0.58,12742,1022.84
Pune,Maharashtra,Mason,9,1.12,19303,1473.06
Delhi,Delhi,Carpenter,14,0.71,15302,1672.54
Hyderabad,Telangana,Mason,5,0.75,9516,990.82
Bangalore,Karnataka,Electrician,6,0.8,13365,1132.3
Pune,Maharashtra,Painter,6,1.08,19005,1602.1
Delhi,Delhi,Painter,1,1.0,14982,1150.64
Bangalore,Karnataka,Painter,1,0.55,9579,889.08
Delhi,Delhi,Mason,8,0.64,17145,1430.9
Pune,Maharashtra,Mason,4,0.85,10005,1180.6
Delhi,Delhi,Electrician,15,0.94,8699,1875.98
Hyderabad,Telangana,Electrician,3,0.69,14715,957.8
Delhi,Delhi,Carpenter,5,1.21,9036,1180.22
Chennai,Tamil Nadu,Carpenter,6,0.86,20000,1385.0
Chennai,Tamil Nadu,Electrician,10,0.7,17223,1478.46
Pune,Maharashtra,Electrician,12,1.13,15927,1584.04
Bangalore,Karnataka,Carpenter,14,1.25,13236,1800.22
Hyderabad,Telangana,Electrician,12,0.77,11608,1604.66
Chennai,Tamil Nadu,Mason,14,0.9,15039,1646.78
Chennai,Tamil Nadu,Mason,6,1.28,11908,1199.16
Hyderabad,Telangana,Painter,14,1.49,16764,1817.78
Bangalore,Karnataka,Electrician,5,1.38,9881,1350.62
Pune,Maharashtra,Electrician,3,1.36,18635,1259.7
Bangalore,Karnataka,Electrician,6,1.39,10538,1499.26
Pune,Maharashtra,Painter,9,1.35,10836,1520.22
Pune,Maharashtra,Carpenter,12,0.52,19799,1484.98
Hyderabad,Telangana,Mason,7,1.09,18850,1558.5
Bangalore,Karnataka,Electrician,4,1.15,10326,1197.02
Chennai,Tamil Nadu,Painter,13,0.69,15285,1637.2
Bangalore,Karnataka,Painter,11,1.45,14220,1843.9
Chennai,Tamil Nadu,Electrician,8,1.28,13128,1632.56
Bangalore,Karnataka,Electrician,1,0.96,10769,857.38
Pune,Maharashtra,Carpenter,11,0.66,10625,1396.5
Pune,Maharashtra,Mason,2,1.16,11676,1082.52
Chennai,Tamil Nadu,Mason,4,1.32,12518,1152.36
Bangalore,Karnataka,Mason,4,1.16,14050,1328.0
Chennai,Tamil Nadu,Mason,1,0.54,19418,1155.36
Bangalore,Karnataka,Electrician,1,0.76,10589,839.78
Pune,Maharashtra,Mason,8,1.33,11874,1552.98
Pune,Maharashtra,Painter,9,1.31,15007,1616.64
Pune,Maharashtra,Electrician,8,0.74,15882,1552.64
Pune,Maharashtra,Carpenter,9,1.27,10946,1316.42
Pune,Maharashtra,Electrician,8,1.5,19658,1816.16
Delhi,Delhi,Electrician,13,0.98,15812,1858.24
Bangalore,Karnataka,Carpenter,12,1.02,16331,1712.62
Pune,Maharashtra,Mason,3,0.82,18900,1107.0
Delhi,Delhi,Mason,10,1.09,8266,1613.82
Bangalore,Karnataka,Electrician,3,0.56,17826,1185.52
Pune,Maharashtra,Painter,1,0.73,16755,842.6
Chennai,Tamil Nadu,Mason,9,0.76,13929,1564.58
Pune,Maharashtra,Painter,13,0.57,17993,1755.36
Chennai,Tamil Nadu,Carpenter,8,1.04,8249,1247.98
Pune,Maharashtra,Painter,8,0.73,16717,1297.84
Hyderabad,Telangana,Carpenter,13,0.85,18288,1737.26
Delhi,Delhi,Mason,11,0.92,18632,1570.64
Delhi,Delhi,Carpenter,5,1.13,16037,1128.24
Chennai,Tamil Nadu,Electrician,15,1.16,8129,1592.58
Hyderabad,Telangana,Mason,6,1.39,12543,1440.36
Delhi,Delhi,Electrician,3,1.26,16783,1419.66
Pune,Maharashtra,Painter,2,1.37,16255,1326.6
Bangalore,Karnataka,Painter,4,0.54,19076,1038.52
Pune,Maharashtra,Carpenter,7,0.51,13793,1035.36
Delhi,Delhi,Carpenter,4,0.8,15256,1316.12
Delhi,Delhi,Carpenter,6,0.8,14501,1388.02
Delhi,Delhi,Electrician,9,1.28,19364,1805.28
Chennai,Tamil Nadu,Electrician,8,0.68,15852,1488.04
Hyderabad,Telangana,Mason,13,0.94,19838,1670.76
Chennai,Tamil Nadu,Painter,3,1.11,12971,1151.92
Delhi,Delhi,Mason,13,0.55,19264,1883.78
Pune,Maharashtra,Mason,15,1.21,15237,1714.24
Chennai,Tamil Nadu,Painter,6,1.29,14423,1519.96
Pune,Maharashtra,Electrician,15,0.65,10351,1840.52
Delhi,Delhi,Mason,9,1.24,10320,1566.4
Delhi,Delhi,Carpenter,11,0.58,17555,1360.1
Chennai,Tamil Nadu,Carpenter,15,1.39,13809,2115.68
Hyderabad,Telangana,Mason,11,0.81,13810,1575.7
Hyderabad,Telangana,Electrician,4,0.89,17311,1098.72
Delhi,Delhi,Painter,3,0.99,15263,1038.76
Delhi,Delhi,Painter,7,1.3,16950,1437.0
Delhi,Delhi,Painter,10,0.59,15767,1266.84
Delhi,Delhi,Electrician,3,1.16,12209,1118.18
Pune,Maharashtra,Mason,12,1.34,10466,1667.32
Hyderabad,Telangana,Carpenter,2,1.11,12451,976.52
Chennai,Tamil Nadu,Carpenter,7,0.93,8649,1207.48
Bangalore,Karnataka,Electrician,15,0.83,17660,1704.7
Delhi,Delhi,Painter,1,1.08,12204,869.08
Bangalore,Karnataka,Electrician,7,1.37,9420,1279.9
Pune,Maharashtra,Painter,14,0.54,13016,1615.32
Pune,Maharashtra,Electrician,15,1.24,8861,1669.22
Delhi,Delhi,Electrician,12,0.72,13502,1664.04
Delhi,Delhi,Painter,12,1.26,11005,1635.1
Hyderabad,Telangana,Mason,7,1.48,19521,1738.42
Hyderabad,Telangana,Painter,8,0.79,18064,1485.78
Chennai,Tamil Nadu,Painter,10,0.89,15000,1716.5
Pune,Maharashtra,Carpenter,3,0.73,19524,954.98
Hyderabad,Telangana,Electrician,3,0.84,9315,1011.3
Chennai,Tamil Nadu,Electrician,4,1.47,16197,1410.44
Bangalore,Karnataka,Carpenter,2,1.27,10508,959.66
Delhi,Delhi,Carpenter,7,1.02,8341,1408.82
Bangalore,Karnataka,Carpenter,10,1.29,13798,1629.46
Pune,Maharashtra,Painter,13,1.17,11797,1829.44
Delhi,Delhi,Electrician,12,0.77,19378,1812.06
Bangalore,Karnataka,Mason,5,1.02,14557,1086.14
Delhi,Delhi,Carpenter,6,1.2,11777,1171.54
Bangalore,Karnataka,Electrician,1,0.63,9933,735.16
Bangalore,Karnataka,Carpenter,4,0.83,10564,1156.78
Bangalore,Karnataka,Mason,10,1.07,14309,1642.68
Hyderabad,Telangana,Carpenter,2,1.27,18102,1003.54
Hyderabad,Telangana,Painter,14,1.1,16582,1713.64
Pune,Maharashtra,Electrician,4,1.07,8793,1280.36
Delhi,Delhi,Electrician,6,0.63,12262,1048.74
Bangalore,Karnataka,Painter,3,0.55,12622,793.94
Pune,Maharashtra,Painter,3,0.84,15382,1291.64
Chennai,Tamil Nadu,Painter,12,0.85,16498,1532.46
Chennai,Tamil Nadu,Electrician,3,1.24,12713,1282.26
Pune,Maharashtra,Painter,11,1.18,14194,1606.88
Delhi,Delhi,Mason,14,0.68,12448,1703.96
Pune,Maharashtra,Electrician,10,1.41,10928,1491.06
Hyderabad,Telangana,Electrician,8,0.88,16773,1401.46
Delhi,Delhi,Electrician,8,0.64,11087,1101.74
Chennai,Tamil Nadu,Electrician,15,1.2,18023,1929.46
Hyderabad,Telangana,Carpenter,11,0.92,17888,1824.76
Hyderabad,Telangana,Painter,15,0.92,9424,1594.48
Delhi,Delhi,Electrician,2,0.71,15177,1161.04
Bangalore,Karnataka,Painter,10,0.69,12232,1488.14
Chennai,Tamil Nadu,Mason,6,1.19,15147,1312.44
Pune,Maharashtra,Electrician,7,1.23,15980,1325.1
Delhi,Delhi,Electrician,2,0.95,14713,856.76
Chennai,Tamil Nadu,Painter,1,0.67,11561,1043.72
Bangalore,Karnataka,Carpenter,5,1.38,9749,1346.98
Chennai,Tamil Nadu,Painter,12,1.11,12279,1724.08
Delhi,Delhi,Mason,13,1.2,12018,1759.36
Pune,Maharashtra,Carpenter,5,0.89,13341,1027.32
Bangalore,Karnataka,Electrician,14,0.86,10797,1507.94
Delhi,Delhi,Painter,4,1.3,15538,1257.76
Hyderabad,Telangana,Mason,14,1.05,17071,2026.92
Chennai,Tamil Nadu,Mason,15,0.73,8984,1721.18
Delhi,Delhi,Electrician,15,0.85,14865,1726.8
Bangalore,Karnataka,Mason,8,1.07,12633,1565.16
Bangalore,Karnataka,Electrician,8,1.3,9500,1431.0
Delhi,Delhi,Electrician,1,1.32,13836,968.72
Delhi,Delhi,Carpenter,10,1.35,15743,1481.36
Pune,Maharashtra,Mason,11,1.15,17754,1809.58
Hyderabad,Telangana,Carpenter,12,0.73,10901,1619.52
Bangalore,Karnataka,Mason,12,0.92,19771,1749.42
Bangalore,Karnataka,Carpenter,2,0.95,9200,1090.5
Bangalore,Karnataka,Mason,8,1.09,16300,1279.5
Hyderabad,Telangana,Carpenter,8,1.26,15441,1459.82
Chennai,Tamil Nadu,Mason,4,0.51,17911,1190.72
Delhi,Delhi,Electrician,12,0.78,14488,1535.76
Delhi,Delhi,Mason,7,0.64,10684,1230.68
Hyderabad,Telangana,Painter,3,0.69,15187,1244.24
Delhi,Delhi,Mason,11,1.3,16370,1664.4
Delhi,Delhi,Painter,1,0.77,16747,793.44
Bangalore,Karnataka,Electrician,12,1.41,16900,1629.5
Pune,Maharashtra,Electrician,3,0.75,14745,975.4
Pune,Maharashtra,Electrician,14,0.89,12474,1647.98
Hyderabad,Telangana,Mason,9,1.5,18204,1843.08
Hyderabad,Telangana,Painter,12,0.63,9619,1430.88
Bangalore,Karnataka,Carpenter,12,0.59,17908,1458.66
Delhi,Delhi,Electrician,14,1.42,18663,2063.26
Pune,Maharashtra,Painter,7,1.06,14846,1269.92
Bangalore,Karnataka,Painter,15,0.94,8279,1562.58
Bangalore,Karnataka,Electrician,7,1.07,19272,1610.94
Delhi,Delhi,Mason,7,1.18,14769,1601.38
Hyderabad,Telangana,Mason,4,0.74,10796,994.92
Chennai,Tamil Nadu,Carpenter,9,0.88,10558,1563.16
Hyderabad,Telangana,Painter,2,0.51,10464,992.78
Bangalore,Karnataka,Painter,8,1.4,11326,1262.52
Delhi,Delhi,Mason,8,0.96,16271,1577.42
Bangalore,Karnataka,Mason,12,0.62,8565,1458.3
Hyderabad,Telangana,Carpenter,7,0.62,10264,1128.28
Hyderabad,Telangana,Carpenter,13,0.7,17981,1517.62
Hyderabad,Telangana,Painter,4,0.57,10594,1113.38
Chennai,Tamil Nadu,Electrician,11,0.95,17907,1521.64
Chennai,Tamil Nadu,Electrician,10,0.77,9951,1512.52
Hyderabad,Telangana,Mason,9,0.79,10385,1370.2
Bangalore,Karnataka,Electrician,15,0.97,16723,1728.96
Bangalore,Karnataka,Mason,7,1.49,14036,1563.22
Chennai,Tamil Nadu,Mason,14,0.55,19117,1636.84
Bangalore,Karnataka,Mason,8,0.97,18517,1314.84
Bangalore,Karnataka,Carpenter,10,0.58,15905,1428.1
Pune,Maharashtra,Mason,7,1.39,15574,1460.98
Bangalore,Karnataka,Electrician,14,1.37,18850,1906.5
Chennai,Tamil Nadu,Painter,9,0.97,9458,1175.66
Pune,Maharashtra,Carpenter,14,0.73,17898,1980.46
Pune,Maharashtra,Carpenter,6,1.42,17119,1463.38
Bangalore,Karnataka,Carpenter,2,1.49,17926,1054.02
Bangalore,Karnataka,Painter,9,1.06,16757,1610.14
Chennai,Tamil Nadu,Electrician,10,1.32,12307,1418.14
Pune,Maharashtra,Carpenter,15,1.0,19606,1800.12
Pune,Maharashtra,Painter,14,0.85,18264,1995.78
Delhi,Delhi,Electrician,4,0.81,9885,981.2
Delhi,Delhi,Carpenter,2,0.8,17969,993.38
Chennai,Tamil Nadu,Electrician,4,1.38,19600,1460.0
Hyderabad,Telangana,Carpenter,10,1.24,11533,1420.66
Delhi,Delhi,Carpenter,13,1.47,12687,1712.24
Hyderabad,Telangana,Carpenter,8,0.87,17523,1573.96
Bangalore,Karnataka,Painter,15,0.54,14184,1560.68
Hyderabad,Telangana,Painter,13,0.58,8795,1483.9
Delhi,Delhi,Mason,2,0.94,9952,788.04
Delhi,Delhi,Mason,7,0.73,12193,1206.36
Pune,Maharashtra,Electrician,15,1.5,18402,2196.04
Pune,Maharashtra,Carpenter,7,0.63,14272,1383.94
Delhi,Delhi,Carpenter,4,0.73,14950,1027.5
Pune,Maharashtra,Mason,6,0.63,8008,1076.66
Chennai,Tamil Nadu,Carpenter,2,0.88,14992,1175.84
Bangalore,Karnataka,Electrician,11,0.8,8227,1556.54
Chennai,Tamil Nadu,Painter,3,1.46,11407,1166.14
Delhi,Delhi,Painter,4,0.78,11310,1257.2
Chennai,Tamil Nadu,Mason,3,1.12,11263,1061.26
Hyderabad,Telangana,Electrician,10,1.29,17364,1546.78
Hyderabad,Telangana,Carpenter,11,0.78,16883,1681.66
Hyderabad,Telangana,Electrician,12,0.92,18922,1555.44
Pune,Maharashtra,Mason,9,1.27,9984,1480.18
Hyderabad,Telangana,Carpenter,4,0.63,9457,999.64
Delhi,Delhi,Carpenter,11,0.92,10751,1355.02
Delhi,Delhi,Electrician,3,1.3,19249,1101.98
Delhi,Delhi,Carpenter,11,1.03,14257,1767.64
Chennai,Tamil Nadu,Mason,4,1.49,16264,1496.78
Bangalore,Karnataka,Painter,8,0.54,18142,1536.84
Pune,Maharashtra,Painter,8,1.48,19297,1573.94
Bangalore,Karnataka,Painter,6,0.88,8552,1097.04
Pune,Maharashtra,Electrician,11,0.52,13082,1615.64
Bangalore,Karnataka,Painter,11,1.31,9052,1499.54
Hyderabad,Telangana,Carpenter,12,0.75,9118,1445.86
Pune,Maharashtra,Mason,5,1.14,11525,1117.5
Pune,Maharashtra,Painter,11,0.84,12007,1532.14
Bangalore,Karnataka,Carpenter,4,1.09,16902,1065.54
Chennai,Tamil Nadu,Carpenter,3,0.83,16099,1210.48
Bangalore,Karnataka,Painter,15,0.65,8654,1773.58
Bangalore,Karnataka,Painter,2,0.54,16553,967.06
Pune,Maharashtra,Mason,15,0.56,16759,1906.18
Hyderabad,Telangana,Mason,15,0.89,17650,1901.5
Delhi,Delhi,Carpenter,10,1.18,14693,1578.86
Delhi,Delhi,Carpenter,6,1.35,12514,1199.78
Delhi,Delhi,Carpenter,4,1.32,14866,1359.32
Chennai,Tamil Nadu,Mason,14,1.07,12286,1903.22
Pune,Maharashtra,Painter,6,0.62,19144,1308.88
Hyderabad,Telangana,Carpenter,1,1.08,9151,923.02
Chennai,Tamil Nadu,Mason,2,1.24,12516,1080.32
Pune,Maharashtra,Electrician,6,0.81,15368,1385.86
Bangalore,Karnataka,Electrician,9,1.44,13861,1665.22
Bangalore,Karnataka,Electrician,5,1.38,18954,1402.08
Chennai,Tamil Nadu,Painter,8,0.69,11004,1143.58
Hyderabad,Telangana,Electrician,15,0.61,12016,1641.82
Pune,Maharashtra,Mason,15,1.06,16254,1698.08
Delhi,Delhi,Painter,4,0.86,14130,1025.6
Bangalore,Karnataka,Carpenter,1,1.49,9659,924.68
Chennai,Tamil Nadu,Mason,13,0.57,8246,1502.42
Pune,Maharashtra,Mason,3,0.7,13591,916.82
Delhi,Delhi,Painter,15,1.26,11436,2000.72
Chennai,Tamil Nadu,Carpenter,9,0.83,17731,1395.12
Bangalore,Karnataka,Mason,4,0.78,18957,1296.14
Hyderabad,Telangana,Electrician,12,0.7,10741,1448.82
Pune,Maharashtra,Mason,7,1.44,12706,1244.12
Delhi,Delhi,Mason,4,1.18,9568,1185.36
Chennai,Tamil Nadu,Electrician,9,1.29,15576,1422.02
Pune,Maharashtra,Electrician,14,0.93,12347,1733.44
Bangalore,Karnataka,Carpenter,2,0.58,18435,1027.7
Hyderabad,Telangana,Painter,3,0.94,14531,1072.62
Pune,Maharashtra,Carpenter,12,0.58,19587,1710.74
Pune,Maharashtra,Carpenter,2,0.54,8287,1018.74
Delhi,Delhi,Carpenter,9,1.2,15045,1647.9
Bangalore,Karnataka,Electrician,8,1.15,10300,1395.5
Bangalore,Karnataka,Carpenter,5,1.21,9505,1314.6
Pune,Maharashtra,Carpenter,1,1.28,17282,1092.64
Pune,Maharashtra,Carpenter,4,0.79,19780,1311.1
Bangalore,Karnataka,Electrician,4,1.16,11763,1351.26
Delhi,Delhi,Painter,4,1.34,9751,1322.02
Pune,Maharashtra,Electrician,2,1.33,14241,1032.32
Chennai,Tamil Nadu,Mason,14,1.44,10908,1845.16
Pune,Maharashtra,Carpenter,7,1.16,13418,1398.36
Pune,Maharashtra,Electrician,12,0.97,13241,1523.32
Delhi,Delhi,Painter,14,0.72,15784,1881.68
Hyderabad,Telangana,Painter,2,0.8,13146,1179.92
Bangalore,Karnataka,Carpenter,2,0.59,10509,1008.68
Bangalore,Karnataka,Electrician,1,1.28,12067,1176.34
Hyderabad,Telangana,Electrician,10,1.43,13372,1627.94
Hyderabad,Telangana,Painter,1,0.95,13446,982.42
Chennai,Tamil Nadu,Electrician,10,0.82,12556,1323.12
Hyderabad,Telangana,Mason,2,0.63,15639,1048.28
Chennai,Tamil Nadu,Carpenter,7,1.29,11637,1338.24
Bangalore,Karnataka,Electrician,13,0.75,17892,1902.34
Hyderabad,Telangana,Carpenter,4,1.46,16622,1292.44
Pune,Maharashtra,Electrician,14,0.61,10810,1678.7
Hyderabad,Telangana,Painter,7,1.34,8494,1177.88
Pune,Maharashtra,Electrician,4,0.98,17231,1109.62
Delhi,Delhi,Electrician,10,1.16,10305,1308.1
Chennai,Tamil Nadu,Mason,11,0.9,10965,1445.3
Hyderabad,Telangana,Mason,13,1.15,9495,1845.4
Pune,Maharashtra,Carpenter,3,1.28,13131,988.62
Hyderabad,Telangana,Painter,9,1.42,18132,1539.64
Chennai,Tamil Nadu,Painter,5,0.73,14396,1120.42
Delhi,Delhi,Painter,7,1.24,15323,1236.46
Pune,Maharashtra,Carpenter,7,0.66,16017,1329.34
Bangalore,Karnataka,Mason,1,1.3,11446,1000.92
Hyderabad,Telangana,Carpenter,10,0.73,8744,1464.38
Hyderabad,Telangana,Mason,7,1.29,14112,1246.74
Delhi,Delhi,Mason,15,1.24,16622,2058.44
Chennai,Tamil Nadu,Carpenter,10,0.92,8205,1407.1
Bangalore,Karnataka,Painter,6,0.91,10985,1125.2
Hyderabad,Telangana,Mason,10,0.58,13230,1385.6
Hyderabad,Telangana,Carpenter,2,1.05,18861,1135.72
Chennai,Tamil Nadu,Painter,6,0.61,8064,1069.78
Delhi,Delhi,Mason,2,1.44,9002,928.04
Delhi,Delhi,Mason,9,0.61,11794,1372.38
Bangalore,Karnataka,Electrician,13,1.46,18958,1776.16
Hyderabad,Telangana,Mason,2,1.14,18462,1048.24
Pune,Maharashtra,Carpenter,10,0.89,12081,1332.12
Chennai,Tamil Nadu,Electrician,6,0.66,15846,1312.92
Chennai,Tamil Nadu,Painter,15,1.11,11092,1832.34
Hyderabad,Telangana,Mason,6,1.03,15643,1179.36
Pune,Maharashtra,Painter,15,1.18,13794,2014.88
Delhi,Delhi,Electrician,14,1.49,19614,2201.78
Delhi,Delhi,Electrician,2,0.95,12201,948.52
Hyderabad,Telangana,Painter,9,0.51,17142,1368.34
Pune,Maharashtra,Carpenter,3,0.65,18519,1174.88
Delhi,Delhi,Carpenter,7,1.43,18608,1513.66
Bangalore,Karnataka,Mason,13,0.5,16729,1767.58
Bangalore,Karnataka,Mason,5,1.08,18079,1461.58
Delhi,Delhi,Mason,15,0.98,13248,1711.96
Pune,Maharashtra,Electrician,10,0.94,17973,1539.46
Bangalore,Karnataka,Electrician,7,1.06,10320,1256.4
Bangalore,Karnataka,Carpenter,7,0.62,18844,1537.88
Bangalore,Karnataka,Carpenter,11,1.26,19466,1817.32
Bangalore,Karnataka,Carpenter,10,0.64,15829,1346.58
Hyderabad,Telangana,Mason,10,0.94,13111,1677.22
Delhi,Delhi,Mason,6,0.66,18028,1314.56
Bangalore,Karnataka,Painter,7,1.04,19221,1319.42
Pune,Maharashtra,Mason,12,0.56,16857,1580.14
Delhi,Delhi,Carpenter,5,1.06,19833,1382.66
Pune,Maharashtra,Painter,9,0.78,13883,1527.66
Hyderabad,Telangana,Painter,15,1.36,15251,1904.02
Pune,Maharashtra,Painter,4,1.46,19942,1250.84
Hyderabad,Telangana,Electrician,5,0.65,17168,1095.86
Chennai,Tamil Nadu,Painter,2,0.89,8944,1095.38
Bangalore,Karnataka,Painter,3,1.26,16217,1159.34
Delhi,Delhi,Carpenter,7,0.82,16890,1467.8
Pune,Maharashtra,Painter,12,1.08,15107,1664.14
Hyderabad,Telangana,Carpenter,12,1.13,13576,1535.02
Chennai,Tamil Nadu,Electrician,10,1.17,9897,1350.44
Pune,Maharashtra,Electrician,8,0.86,17839,1257.78
Delhi,Delhi,Electrician,5,0.66,9620,1073.4
Delhi,Delhi,Carpenter,9,0.77,18977,1589.04
Hyderabad,Telangana,Carpenter,3,1.14,18564,1345.28
Chennai,Tamil Nadu,Painter,4,1.36,14083,1299.66
Chennai,Tamil Nadu,Painter,7,1.42,19020,1626.4
Delhi,Delhi,Electrician,3,1.02,18081,1174.62
Hyderabad,Telangana,Electrician,14,1.21,9321,1568.92
Hyderabad,Telangana,Carpenter,6,0.82,10572,1339.44
Chennai,Tamil Nadu,Mason,7,1.24,8081,1396.62
Delhi,Delhi,Mason,12,1.45,18220,1689.9
Chennai,Tamil Nadu,Electrician,9,0.51,19571,1504.92
Delhi,Delhi,Carpenter,13,0.98,15719,1784.38
Bangalore,Karnataka,Mason,1,0.8,16780,935.6
Hyderabad,Telangana,Electrician,11,1.39,16334,1866.18
Pune,Maharashtra,Electrician,6,1.21,17245,1375.4
Hyderabad,Telangana,Mason,12,0.92,12112,1644.24
Bangalore,Karnataka,Electrician,8,1.44,13412,1702.24
Chennai,Tamil Nadu,Painter,3,1.48,15342,1086.84
Bangalore,Karnataka,Electrician,7,0.73,12857,1079.64
Pune,Maharashtra,Carpenter,13,0.9,11407,1796.14
Chennai,Tamil Nadu,Electrician,3,0.55,13607,868.64
Delhi,Delhi,Painter,7,1.21,13302,1498.54
Bangalore,Karnataka,Electrician,11,0.59,16781,1726.12
Hyderabad,Telangana,Electrician,14,0.82,17161,1735.22
Bangalore,Karnataka,Electrician,5,1.12,8038,1036.76
Hyderabad,Telangana,Carpenter,9,0.66,15528,1281.56
Hyderabad,Telangana,Carpenter,6,0.58,17763,1451.26
Bangalore,Karnataka,Painter,9,0.95,16298,1415.46
Pune,Maharashtra,Painter,5,1.01,14333,1118.16
Chennai,Tamil Nadu,Mason,10,1.31,9996,1655.42
Delhi,Delhi,Painter,9,1.21,8825,1250.0
Pune,Maharashtra,Painter,11,1.19,18981,1762.12
Pune,Maharashtra,Carpenter,1,0.68,13025,989.5
Hyderabad,Telangana,Mason,3,0.52,16040,1075.8
Delhi,Delhi,Electrician,14,1.34,15472,2030.44
Bangalore,Karnataka,Electrician,1,0.77,19408,1221.66
Bangalore,Karnataka,Electrician,10,0.69,14454,1467.58
Pune,Maharashtra,Mason,2,0.54,12852,1006.04
Bangalore,Karnataka,Painter,6,1.27,11264,1440.78
Chennai,Tamil Nadu,Electrician,8,1.35,17789,1582.28
Hyderabad,Telangana,Mason,1,1.36,18207,1166.14
Chennai,Tamil Nadu,Painter,9,0.86,15483,1537.66
Pune,Maharashtra,Carpenter,10,0.66,16181,1479.62
Chennai,Tamil Nadu,Mason,8,0.97,18845,1653.4
Delhi,Delhi,Electrician,11,0.82,13358,1403.16
Hyderabad,Telangana,Electrician,13,1.14,10243,1499.86
Delhi,Delhi,Electrician,10,1.08,13583,1661.66
Hyderabad,Telangana,Mason,7,0.9,15580,1326.6
Bangalore,Karnataka,Mason,13,0.54,18080,1627.6
Hyderabad,Telangana,Mason,1,0.65,13168,744.86
Chennai,Tamil Nadu,Painter,5,0.72,14546,1123.92
Chennai,Tamil Nadu,Carpenter,4,0.93,16341,1165.32
Hyderabad,Telangana,Painter,14,0.71,19570,1782.9
Chennai,Tamil Nadu,Carpenter,10,0.83,18754,1540.58
Hyderabad,Telangana,Painter,4,1.46,18854,1539.08
Delhi,Delhi,Electrician,3,0.55,8961,740.72
Delhi,Delhi,Electrician,4,1.48,9811,1171.22
Chennai,Tamil Nadu,Electrician,4,1.13,9007,1268.64
Bangalore,Karnataka,Carpenter,3,0.95,14846,1152.42
Hyderabad,Telangana,Electrician,6,1.3,17443,1491.86
Hyderabad,Telangana,Electrician,9,0.95,9239,1279.28
Pune,Maharashtra,Mason,13,1.42,19970,2076.4
Chennai,Tamil Nadu,Mason,13,1.39,10693,1544.36
Pune,Maharashtra,Mason,11,0.7,14799,1517.98
Delhi,Delhi,Painter,1,1.12,11301,966.02
Pune,Maharashtra,Painter,4,0.84,14551,1068.02
Bangalore,Karnataka,Electrician,12,0.99,18971,1587.92
Chennai,Tamil Nadu,Mason,15,0.83,10529,1560.08
Hyderabad,Telangana,Mason,8,1.07,14635,1282.2
Delhi,Delhi,Carpenter,6,0.74,18715,1355.3
Delhi,Delhi,Carpenter,6,0.59,8349,927.48
Hyderabad,Telangana,Carpenter,6,0.53,14671,1225.92
Chennai,Tamil Nadu,Carpenter,6,1.45,13290,1547.3
Delhi,Delhi,Carpenter,13,1.0,16090,1827.8
Hyderabad,Telangana,Carpenter,15,1.43,12745,1864.4
Hyderabad,Telangana,Electrician,6,1.02,9521,1049.42
Pune,Maharashtra,Painter,1,1.41,12123,1037.96
Chennai,Tamil Nadu,Painter,4,1.42,17078,1521.56
Delhi,Delhi,Carpenter,2,1.16,10792,905.84
Hyderabad,Telangana,Painter,1,1.23,17149,1133.48
Delhi,Delhi,Electrician,2,0.5,16369,1136.38
Chennai,Tamil Nadu,Painter,6,1.02,14843,1202.86
Bangalore,Karnataka,Carpenter,12,0.61,13460,1416.7
Pune,Maharashtra,Electrician,4,1.28,11503,1321.06
Hyderabad,Telangana,Painter,3,0.57,12007,799.64
Hyderabad,Telangana,Mason,7,0.65,17649,1175.48
Chennai,Tamil Nadu,Carpenter,8,1.32,14550,1655.0
Delhi,Delhi,Electrician,9,0.61,16306,1252.62
Delhi,Delhi,Electrician,15,1.33,14924,1741.98
Pune,Maharashtra,Painter,7,0.92,13815,1513.3
Hyderabad,Telangana,Carpenter,10,1.28,8174,1388.48
Chennai,Tamil Nadu,Mason,13,0.92,13445,1771.9
Bangalore,Karnataka,Electrician,15,1.39,12273,1836.96
Chennai,Tamil Nadu,Painter,8,1.03,9127,1188.04
Bangalore,Karnataka,Painter,8,1.07,19485,1471.2
Bangalore,Karnataka,Carpenter,11,0.61,19213,1779.76
Pune,Maharashtra,Painter,4,1.45,10208,1090.66
Delhi,Delhi,Painter,10,0.88,12099,1280.98
Chennai,Tamil Nadu,Mason,15,0.86,10788,1890.76
Hyderabad,Telangana,Carpenter,14,1.27,13783,1835.16
Pune,Maharashtra,Carpenter,8,0.62,9573,1161.46
Delhi,Delhi,Mason,2,0.64,14390,1026.8
Pune,Maharashtra,Mason,9,0.89,17065,1336.8
Hyderabad,Telangana,Painter,9,1.15,11957,1328.64
Delhi,Delhi,Painter,12,1.28,9449,1749.98
Hyderabad,Telangana,Carpenter,7,0.89,13417,1148.84
Hyderabad,Telangana,Mason,7,1.18,8517,1145.34
Delhi,Delhi,Electrician,1,0.59,19345,977.4
Chennai,Tamil Nadu,Electrician,14,0.9,9149,1548.98
Bangalore,Karnataka,Carpenter,1,1.08,15005,973.1
Bangalore,Karnataka,Electrician,14,1.18,17845,1827.9
Hyderabad,Telangana,Electrician,13,0.64,14001,1690.02
Chennai,Tamil Nadu,Electrician,11,0.62,16121,1623.42
Chennai,Tamil Nadu,Mason,5,1.36,16465,1487.3
Bangalore,Karnataka,Electrician,5,1.18,12037,1227.74
Pune,Maharashtra,Painter,10,0.8,17421,1519.42
Hyderabad,Telangana,Carpenter,5,1.12,10543,1285.86
Chennai,Tamil Nadu,Mason,1,0.71,15795,1120.4
Pune,Maharashtra,Electrician,15,1.11,9874,1782.98
Pune,Maharashtra,Mason,12,1.31,17867,1991.84
Chennai,Tamil Nadu,Carpenter,12,1.34,19239,1919.78
Bangalore,Karnataka,Carpenter,3,0.95,8121,890.92
Bangalore,Karnataka,Carpenter,6,0.98,11059,1218.18
Delhi,Delhi,Electrician,13,0.52,15535,1505.7
Bangalore,Karnataka,Mason,4,0.83,19580,1240.1
Hyderabad,Telangana,Electrician,14,1.28,18025,1782.5
Delhi,Delhi,Mason,11,0.88,13455,1651.1
Hyderabad,Telangana,Painter,11,1.36,17640,1720.8
Hyderabad,Telangana,Carpenter,4,1.48,19571,1490.42
Pune,Maharashtra,Painter,12,0.82,18963,1699.26
Delhi,Delhi,Painter,3,1.13,16297,1374.44
Delhi,Delhi,Electrician,3,1.07,11652,1021.54
Delhi,Delhi,Carpenter,3,0.96,9367,1090.34
Pune,Maharashtra,Carpenter,14,0.65,11421,1701.92
Chennai,Tamil Nadu,Painter,15,0.62,11920,1779.4
Pune,Maharashtra,Painter,3,1.13,17687,1224.24
Hyderabad,Telangana,Electrician,5,0.9,17441,1272.82
Pune,Maharashtra,Painter,12,0.93,13662,1487.74
Hyderabad,Telangana,Painter,9,0.66,12119,1396.38
Hyderabad,Telangana,Carpenter,4,1.49,10200,1306.5
Bangalore,Karnataka,Mason,11,1.41,17665,1585.8
Delhi,Delhi,Electrician,11,0.93,8618,1567.86
Chennai,Tamil Nadu,Carpenter,7,0.72,10242,1356.84
Hyderabad,Telangana,Mason,9,0.54,13132,1278.64
Pune,Maharashtra,Painter,8,1.48,11100,1576.0
Hyderabad,Telangana,Painter,9,1.21,9074,1346.98
Chennai,Tamil Nadu,Electrician,2,1.15,14507,1038.64
Chennai,Tamil Nadu,Electrician,5,1.28,8723,1005.46
Pune,Maharashtra,Mason,6,0.99,18430,1214.1
Hyderabad,Telangana,Painter,4,0.56,8179,1132.58
Delhi,Delhi,Electrician,15,1.42,19704,2150.08
Pune,Maharashtra,Carpenter,1,0.59,9814,784.78
Chennai,Tamil Nadu,Electrician,14,1.34,17376,1956.52
Bangalore,Karnataka,Carpenter,3,1.12,14565,1171.3
Hyderabad,Telangana,Painter,5,1.28,15403,1526.06
Hyderabad,Telangana,Electrician,3,0.55,13161,1002.72
Hyderabad,Telangana,Painter,5,0.51,11238,1142.26
Chennai,Tamil Nadu,Painter,10,1.16,8680,1590.6
Hyderabad,Telangana,Painter,12,1.35,19880,1779.1
Bangalore,Karnataka,Painter,6,0.99,18804,1321.58
Hyderabad,Telangana,Carpenter,7,1.29,16966,1624.82
Pune,Maharashtra,Carpenter,13,0.52,10281,1669.62
Delhi,Delhi,Painter,10,1.0,13555,1582.1
Bangalore,Karnataka,Electrician,9,0.82,19685,1490.7
Pune,Maharashtra,Carpenter,1,0.64,16792,1059.84
Chennai,Tamil Nadu,Electrician,9,0.61,10620,1198.9
Delhi,Delhi,Mason,12,0.87,10082,1463.14
Hyderabad,Telangana,Mason,9,1.47,12995,1474.4
Chennai,Tamil Nadu,Mason,12,1.01,17736,1656.22
Chennai,Tamil Nadu,Painter,10,0.72,19818,1714.36
Chennai,Tamil Nadu,Mason,7,0.72,8262,1128.24
Pune,Maharashtra,Mason,8,1.16,17309,1475.18
Chennai,Tamil Nadu,Painter,5,0.69,9798,880.46
Hyderabad,Telangana,Mason,5,0.95,18411,1429.72
Chennai,Tamil Nadu,Painter,14,0.9,9577,1616.54
Bangalore,Karnataka,Electrician,12,0.66,17501,1438.02
Delhi,Delhi,Painter,14,0.85,13705,1530.6
Hyderabad,Telangana,Painter,3,1.49,16516,1230.82
Chennai,Tamil Nadu,Mason,3,0.65,8694,942.38
Pune,Maharashtra,Electrician,14,0.57,15792,1847.34
Chennai,Tamil Nadu,Painter,3,0.59,12925,1161.0
Delhi,Delhi,Painter,12,1.02,18020,1830.4
Hyderabad,Telangana,Painter,7,1.15,13947,1359.44
Hyderabad,Telangana,Carpenter,9,0.79,17240,1383.3
Hyderabad,Telangana,Electrician,13,0.53,17369,1577.88
Hyderabad,Telangana,Mason,3,0.76,16117,1088.34
Chennai,Tamil Nadu,Electrician,1,1.48,9937,896.74
Bangalore,Karnataka,Electrician,12,1.04,14931,1781.62
Pune,Maharashtra,Mason,2,0.96,19824,1290.48
Chennai,Tamil Nadu,Electrician,2,1.09,9279,879.08
Pune,Maharashtra,Electrician,4,1.21,8739,1036.28
Delhi,Delhi,Mason,9,0.59,14362,1373.74
Pune,Maharashtra,Electrician,13,1.47,16152,1784.54
Hyderabad,Telangana,Mason,8,0.54,16526,1157.52
Bangalore,Karnataka,Mason,11,1.34,11872,1694.44
Pune,Maharashtra,Carpenter,14,0.72,17334,1611.68
Bangalore,Karnataka,Mason,11,1.04,12669,1525.38
Chennai,Tamil Nadu,Electrician,14,1.0,9751,1744.02
Pune,Maharashtra,Carpenter,13,0.71,13242,1804.34
Bangalore,Karnataka,Electrician,15,0.7,19156,1963.12
Hyderabad,Telangana,Mason,9,1.36,19584,1807.68
Delhi,Delhi,Carpenter,4,0.8,15298,1314.96
Chennai,Tamil Nadu,Painter,4,0.73,10377,942.04
Pune,Maharashtra,Painter,6,1.33,11380,1222.1
Pune,Maharashtra,Carpenter,2,1.26,16120,1070.4
Pune,Maharashtra,Carpenter,3,1.04,10377,1050.54
Bangalore,Karnataka,Carpenter,11,1.36,19679,1705.58
Chennai,Tamil Nadu,Mason,5,1.49,15173,1279.96
Bangalore,Karnataka,Electrician,9,1.37,19921,1762.92
Delhi,Delhi,Electrician,12,1.48,19534,1734.68
Bangalore,Karnataka,Painter,2,0.62,15549,1018.98
Bangalore,Karnataka,Carpenter,1,0.87,11733,731.16
Chennai,Tamil Nadu,Carpenter,3,1.2,13076,1189.52
Delhi,Delhi,Mason,15,1.14,8381,1861.62
Chennai,Tamil Nadu,Electrician,2,0.79,15667,1080.84
Bangalore,Karnataka,Electrician,8,1.45,13235,1630.2
Bangalore,Karnataka,Painter,1,0.8,17965,1142.3
Pune,Maharashtra,Carpenter,6,1.15,8812,1326.74
Chennai,Tamil Nadu,Electrician,15,0.51,15465,1799.8
Pune,Maharashtra,Mason,14,1.34,16799,1838.98
Pune,Maharashtra,Carpenter,1,1.4,9914,809.28
Chennai,Tamil Nadu,Carpenter,11,1.12,12830,1555.6
Chennai,Tamil Nadu,Carpenter,14,1.05,19382,1947.14
Pune,Maharashtra,Carpenter,6,1.46,17713,1400.26
Bangalore,Karnataka,Carpenter,10,1.14,15718,1742.36
Chennai,Tamil Nadu,Mason,15,0.8,18812,1825.24
Hyderabad,Telangana,Electrician,14,1.49,12985,1732.2
Hyderabad,Telangana,Electrician,10,0.97,15754,1595.58
Delhi,Delhi,Mason,3,1.02,18750,1097.0
Hyderabad,Telangana,Electrician,8,1.0,15300,1350.0
Pune,Maharashtra,Electrician,13,0.69,11625,1708.0
Pune,Maharashtra,Electrician,4,0.55,14886,1013.22
Hyderabad,Telangana,Mason,13,1.41,14768,1943.86
Delhi,Delhi,Mason,6,0.91,14200,1331.5
Bangalore,Karnataka,Carpenter,11,1.12,13478,1689.56
Delhi,Delhi,Electrician,10,1.11,18734,1725.18
Bangalore,Karnataka,Painter,7,1.16,18219,1477.38
Bangalore,Karnataka,Electrician,6,0.52,15751,1196.02
Delhi,Delhi,Carpenter,13,0.57,15421,1705.92
Pune,Maharashtra,Painter,7,1.22,13769,1200.38
Pune,Maharashtra,Carpenter,15,0.83,10572,1534.94
Bangalore,Karnataka,Carpenter,10,0.8,12585,1394.7
Hyderabad,Telangana,Carpenter,8,0.81,14074,1281.98
Chennai,Tamil Nadu,Carpenter,2,1.13,8800,1128.5
Bangalore,Karnataka,Electrician,13,0.97,8551,1742.52
Chennai,Tamil Nadu,Electrician,5,1.32,13351,1114.02
Delhi,Delhi,Mason,6,0.6,16260,1298.2
Chennai,Tamil Nadu,Carpenter,11,1.21,14006,1548.62
Chennai,Tamil Nadu,Electrician,5,1.44,13811,1402.22
Chennai,Tamil Nadu,Electrician,5,1.32,11425,1094.5
Hyderabad,Telangana,Painter,11,1.43,10478,1462.06
Hyderabad,Telangana,Carpenter,1,1.08,14067,1035.34
Chennai,Tamil Nadu,Mason,8,0.75,12775,1195.0
Hyderabad,Telangana,Carpenter,11,0.55,19982,1618.14
Bangalore,Karnataka,Mason,5,1.5,19784,1331.68
Bangalore,Karnataka,Electrician,4,0.51,15818,980.86
Chennai,Tamil Nadu,Mason,3,0.77,19340,1302.3
Delhi,Delhi,Electrician,9,0.97,8174,1187.98
Chennai,Tamil Nadu,Carpenter,2,1.28,8634,1107.68
Bangalore,Karnataka,Painter,13,0.92,10598,1428.96
Chennai,Tamil Nadu,Painter,14,1.42,19777,2079.54
Bangalore,Karnataka,Mason,11,1.29,11220,1456.9
Chennai,Tamil Nadu,Mason,10,1.01,13607,1609.64
Hyderabad,Telangana,Mason,11,0.76,19787,1589.74
Delhi,Delhi,Carpenter,8,0.76,15138,1385.76
Delhi,Delhi,Mason,4,0.77,18374,1268.98
Pune,Maharashtra,Painter,1,0.72,8648,898.96
Delhi,Delhi,Electrician,5,0.87,13151,1332.52
Bangalore,Karnataka,Mason,1,0.69,14773,804.96
Bangalore,Karnataka,Electrician,12,1.13,9945,1476.4
Bangalore,Karnataka,Electrician,10,1.4,11657,1527.14
Hyderabad,Telangana,Carpenter,14,0.65,12917,1844.84
Pune,Maharashtra,Electrician,3,0.66,16822,939.44
Bangalore,Karnataka,Carpenter,11,0.59,17629,1623.08
Delhi,Delhi,Mason,1,1.01,8212,705.74
Bangalore,Karnataka,Mason,4,1.26,11550,1304.0
Delhi,Delhi,Painter,1,1.12,16664,1090.28
Chennai,Tamil Nadu,Painter,9,0.67,16367,1432.84
Delhi,Delhi,Mason,5,0.82,19828,1320.56
Chennai,Tamil Nadu,Mason,9,1.07,12950,1570.5
Delhi,Delhi,Mason,7,0.54,19634,1533.68
Hyderabad,Telangana,Carpenter,3,1.04,16738,1150.76
Delhi,Delhi,Electrician,3,1.48,13438,1230.76
Pune,Maharashtra,Electrician,10,1.15,18792,1848.34
Delhi,Delhi,Electrician,5,1.13,17694,1505.38
Delhi,Delhi,Painter,5,0.74,13542,1341.84
Bangalore,Karnataka,Painter,8,1.43,17534,1534.18
Chennai,Tamil Nadu,Painter,7,1.39,8819,1499.88
Hyderabad,Telangana,Mason,1,1.17,17078,976.06
Delhi,Delhi,Electrician,8,1.41,19768,1809.86
Pune,Maharashtra,Electrician,15,0.58,10589,1527.78
Hyderabad,Telangana,Mason,14,1.2,10598,1568.96
Delhi,Delhi,Mason,3,1.34,9548,957.96
Hyderabad,Telangana,Mason,3,1.3,14718,1393.36
Pune,Maharashtra,Electrician,5,0.73,16147,1050.44
Hyderabad,Telangana,Mason,2,0.98,9999,1004.98
Delhi,Delhi,Carpenter,6,0.76,13813,1264.26
Bangalore,Karnataka,Painter,11,0.63,16192,1733.34
Delhi,Delhi,Mason,13,0.93,19460,1906.7
Delhi,Delhi,Electrician,4,0.51,14972,1208.94
Pune,Maharashtra,Electrician,9,0.57,9384,1312.18
Chennai,Tamil Nadu,Painter,3,0.58,15661,1203.22
Bangalore,Karnataka,Carpenter,3,0.63,10980,1146.1
Pune,Maharashtra,Painter,9,0.62,9921,1302.42
Pune,Maharashtra,Electrician,1,0.68,18296,965.92
Bangalore,Karnataka,Carpenter,12,0.61,18993,1684.36
Bangalore,Karnataka,Carpenter,13,1.32,13789,1969.78
Bangalore,Karnataka,Mason,4,0.92,10102,895.04
Hyderabad,Telangana,Mason,9,1.03,8552,1459.54
Hyderabad,Telangana,Electrician,11,0.81,8990,1598.3
Bangalore,Karnataka,Mason,4,0.68,10593,1113.86
Hyderabad,Telangana,Carpenter,6,0.95,9182,1040.14
Delhi,Delhi,Carpenter,12,1.09,13721,1485.92
Delhi,Delhi,Mason,11,1.36,12575,1756.5
Delhi,Delhi,Painter,9,0.79,8112,1250.74
Bangalore,Karnataka,Mason,9,1.02,15570,1483.4
Hyderabad,Telangana,Electrician,7,1.43,11439,1433.28
Delhi,Delhi,Mason,3,0.56,19947,1071.94
Delhi,Delhi,Carpenter,10,0.64,11351,1271.02
Chennai,Tamil Nadu,Mason,3,1.49,15943,1340.36
Pune,Maharashtra,Electrician,11,0.92,17841,1629.82
Chennai,Tamil Nadu,Mason,13,0.82,12461,1472.22
Chennai,Tamil Nadu,Electrician,11,0.74,13392,1384.84
Pune,Maharashtra,Mason,14,1.39,8672,1950.94
Hyderabad,Telangana,Carpenter,6,0.62,10261,978.22
Pune,Maharashtra,Mason,9,1.26,10269,1562.38
Chennai,Tamil Nadu,Mason,5,1.24,19377,1299.54
Chennai,Tamil Nadu,Painter,8,1.0,12102,1500.04
Pune,Maharashtra,Painter,10,1.0,8302,1426.04
Delhi,Delhi,Electrician,13,1.23,19375,1805.0
Pune,Maharashtra,Carpenter,5,1.48,17374,1306.48
Bangalore,Karnataka,Painter,4,1.39,17888,1201.26
Delhi,Delhi,Painter,9,0.8,10027,1470.54
Pune,Maharashtra,Electrician,2,0.81,19671,1064.92
Chennai,Tamil Nadu,Painter,3,0.56,18182,1232.64
Hyderabad,Telangana,Carpenter,10,1.14,17154,1576.08
Chennai,Tamil Nadu,Carpenter,10,0.59,12824,1361.98
Bangalore,Karnataka,Electrician,14,1.28,13635,1669.7
Hyderabad,Telangana,Mason,6,1.48,9629,1343.58
Hyderabad,Telangana,Carpenter,4,0.62,8930,780.6
Chennai,Tamil Nadu,Electrician,9,0.8,10806,1348.12
Bangalore,Karnataka,Electrician,3,0.72,12584,831.68
Chennai,Tamil Nadu,Electrician,13,0.68,10641,1609.82
Chennai,Tamil Nadu,Mason,5,0.94,8776,1079.52
Bangalore,Karnataka,Electrician,4,0.56,8197,966.94
Bangalore,Karnataka,Painter,5,1.32,18124,1285.48
Bangalore,Karnataka,Electrician,7,1.17,9455,1229.6
Bangalore,Karnataka,Carpenter,8,1.29,18367,1686.84
Pune,Maharashtra,Electrician,14,1.18,13242,1888.84
Hyderabad,Telangana,Carpenter,8,0.77,15306,1542.62
Chennai,Tamil Nadu,Carpenter,11,1.0,17644,1807.88
Delhi,Delhi,Carpenter,14,1.03,12564,1659.78
Hyderabad,Telangana,Mason,5,1.18,19366,1480.32
Chennai,Tamil Nadu,Electrician,1,1.18,8974,1004.48
Bangalore,Karnataka,Electrician,1,0.54,19867,979.34
Pune,Maharashtra,Mason,9,0.7,18952,1670.04
Delhi,Delhi,Painter,4,1.29,19342,1264.34
Pune,Maharashtra,Mason,1,0.71,19348,884.46
Hyderabad,Telangana,Painter,10,1.07,14815,1644.8
Chennai,Tamil Nadu,Electrician,3,0.79,10602,791.54
Chennai,Tamil Nadu,Painter,3,1.14,19286,1240.72
Delhi,Delhi,Painter,6,1.43,9682,1475.14
Chennai,Tamil Nadu,Painter,7,0.64,16006,1121.12
Hyderabad,Telangana,Electrician,9,0.75,9104,1478.58
Bangalore,Karnataka,Carpenter,3,0.59,8686,958.22
Pune,Maharashtra,Carpenter,3,1.32,12070,1224.4
Bangalore,Karnataka,Mason,6,0.56,17893,1238.86
Chennai,Tamil Nadu,Carpenter,4,1.12,15852,1113.04
Chennai,Tamil Nadu,Painter,14,0.52,12549,1786.98
Bangalore,Karnataka,Painter,8,1.17,16629,1573.08
Bangalore,Karnataka,Mason,13,1.36,19827,1893.54
Hyderabad,Telangana,Electrician,9,0.52,17089,1305.78
Hyderabad,Telangana,Electrician,8,0.94,18546,1515.92
Bangalore,Karnataka,Mason,6,0.52,15454,1292.08
Chennai,Tamil Nadu,Painter,8,1.01,12560,1275.7
Delhi,Delhi,Electrician,1,1.44,19315,1305.3
Bangalore,Karnataka,Mason,1,1.24,12755,894.1
Pune,Maharashtra,Painter,5,0.5,18476,1041.52
Pune,Maharashtra,Electrician,2,1.43,13200,989.5
Hyderabad,Telangana,Mason,6,0.63,11132,1073.14
Hyderabad,Telangana,Painter,14,0.69,17107,1918.64
Chennai,Tamil Nadu,Carpenter,7,1.42,17689,1472.78
Delhi,Delhi,Painter,1,0.96,14745,1169.9
Chennai,Tamil Nadu,Mason,8,0.52,18793,1409.86
Delhi,Delhi,Electrician,2,0.52,16216,1133.32
Delhi,Delhi,Carpenter,5,0.76,14469,1287.38
Pune,Maharashtra,Electrician,13,1.36,15827,1949.54
Hyderabad,Telangana,Painter,15,0.95,15868,1778.86
Bangalore,Karnataka,Painter,12,0.88,17386,1652.72
Chennai,Tamil Nadu,Painter,14,1.43,15145,1860.4
Hyderabad,Telangana,Mason,5,1.48,16261,1461.22
Hyderabad,Telangana,Carpenter,7,0.93,12383,1168.16
Bangalore,Karnataka,Mason,10,1.18,15660,1589.2
Bangalore,Karnataka,Electrician,9,0.52,18439,1406.78
Delhi,Delhi,Painter,10,0.73,18092,1370.34
Delhi,Delhi,Mason,7,0.97,18946,1364.42
Delhi,Delhi,Mason,2,0.85,11223,1035.96
Pune,Maharashtra,Carpenter,7,0.93,12950,1381.5
Chennai,Tamil Nadu,Mason,1,1.21,10918,936.86
Delhi,Delhi,Painter,8,0.5,13028,1213.56
Pune,Maharashtra,Mason,9,1.22,9293,1352.86
Hyderabad,Telangana,Carpenter,7,1.0,16034,1381.68
Pune,Maharashtra,Painter,15,1.5,12769,2097.38
Delhi,Delhi,Painter,13,0.8,19018,1635.36
Bangalore,Karnataka,Electrician,10,1.08,14591,1702.82
Chennai,Tamil Nadu,Mason,1,1.37,10383,1144.16
Chennai,Tamil Nadu,Electrician,4,1.16,9621,1267.42
Pune,Maharashtra,Painter,8,1.21,14864,1675.78
Chennai,Tamil Nadu,Electrician,9,0.53,11188,1194.26
Bangalore,Karnataka,Painter,1,1.18,16816,1118.32
Chennai,Tamil Nadu,Carpenter,14,1.09,13342,1705.34
Chennai,Tamil Nadu,Mason,7,1.4,9022,1249.44
Pune,Maharashtra,Electrician,12,0.98,12418,1656.36
Delhi,Delhi,Mason,10,1.39,9141,1421.32
Hyderabad,Telangana,Carpenter,12,1.4,13570,1699.4
Delhi,Delhi,Carpenter,2,0.66,8501,996.02
Bangalore,Karnataka,Mason,1,1.46,10306,942.12
Chennai,Tamil Nadu,Painter,6,0.94,8296,1082.92
Delhi,Delhi,Carpenter,3,1.3,13952,1253.04
Chennai,Tamil Nadu,Electrician,1,0.57,12148,890.46
Bangalore,Karnataka,Carpenter,8,0.93,17659,1527.68
Pune,Maharashtra,Painter,9,1.09,8652,1285.54
Chennai,Tamil Nadu,Painter,1,0.81,16832,1185.14
Bangalore,Karnataka,Carpenter,5,0.93,18883,1206.16
Bangalore,Karnataka,Mason,5,0.78,19369,1288.38
Hyderabad,Telangana,Mason,11,0.75,8875,1547.0
Pune,Maharashtra,Painter,14,0.54,9069,1365.38
Bangalore,Karnataka,Carpenter,4,0.6,10473,890.46
Hyderabad,Telangana,Painter,10,0.6,15870,1366.4
Chennai,Tamil Nadu,Carpenter,6,1.07,12949,1132.48
Bangalore,Karnataka,Mason,7,0.55,15020,1085.9
Hyderabad,Telangana,Mason,10,1.34,13628,1767.56
Chennai,Tamil Nadu,Mason,1,0.94,13212,877.24
Delhi,Delhi,Electrician,2,1.35,11219,1132.88
Hyderabad,Telangana,Painter,12,1.46,18038,1928.76
Pune,Maharashtra,Painter,10,0.63,14843,1525.36
Delhi,Delhi,Carpenter,7,0.56,17936,1245.72
Hyderabad,Telangana,Electrician,3,0.76,8451,818.02
Delhi,Delhi,Painter,6,0.76,17930,1194.6
Hyderabad,Telangana,Electrician,10,0.53,16557,1356.64
Pune,Maharashtra,Electrician,11,1.41,14468,1725.86
Bangalore,Karnataka,Electrician,15,1.38,14335,1901.7
Delhi,Delhi,Painter,7,1.19,15094,1351.38
Delhi,Delhi,Painter,6,1.22,15487,1395.74
Delhi,Delhi,Painter,11,1.02,16087,1556.74
Delhi,Delhi,Electrician,6,1.3,18212,1355.24
Chennai,Tamil Nadu,Painter,2,0.64,13438,979.76
Chennai,Tamil Nadu,Carpenter,10,1.39,19141,1649.32
Hyderabad,Telangana,Carpenter,10,1.28,12318,1697.36
Bangalore,Karnataka,Painter,2,1.33,18985,1201.2
Chennai,Tamil Nadu,Mason,10,0.89,9265,1518.8
Bangalore,Karnataka,Mason,5,1.4,8967,1315.34
Delhi,Delhi,Electrician,15,0.8,13873,1594.46
Chennai,Tamil Nadu,Electrician,9,0.56,8303,1394.06
Chennai,Tamil Nadu,Mason,15,1.1,10216,1611.32
Hyderabad,Telangana,Carpenter,5,0.91,9296,948.42
Pune,Maharashtra,Carpenter,1,1.35,14976,1173.02
Hyderabad,Telangana,Painter,9,0.74,15802,1445.04
Hyderabad,Telangana,Carpenter,4,0.71,18648,1211.46
Bangalore,Karnataka,Painter,15,0.79,15873,1816.96
Pune,Maharashtra,Carpenter,10,1.37,11914,1560.78
Pune,Maharashtra,Painter,13,1.41,8541,1627.32
Bangalore,Karnataka,Electrician,9,1.49,13346,1469.42
Chennai,Tamil Nadu,Mason,7,0.96,9600,1055.0
Hyderabad,Telangana,Painter,1,0.5,15604,710.08
Hyderabad,Telangana,Mason,9,0.65,18439,1323.28
Bangalore,Karnataka,Electrician,1,0.6,13244,1004.88
Bangalore,Karnataka,Painter,2,1.03,14787,968.24
Chennai,Tamil Nadu,Carpenter,7,0.77,17283,1264.16
Chennai,Tamil Nadu,Painter,15,1.3,17204,1894.08
Bangalore,Karnataka,Carpenter,15,1.29,15007,1925.64
Pune,Maharashtra,Electrician,6,0.7,18125,1127.5
Delhi,Delhi,Painter,6,1.32,18555,1625.1
Bangalore,Karnataka,Painter,13,1.0,12881,1792.62
Delhi,Delhi,Painter,2,1.07,12616,1084.82
Bangalore,Karnataka,Electrician,15,0.97,9453,1923.56
Hyderabad,Telangana,Mason,11,1.24,10485,1459.7
Pune,Maharashtra,Painter,1,1.15,14542,1086.34
Bangalore,Karnataka,Painter,15,1.0,19838,1857.76
Delhi,Delhi,Painter,8,1.01,16455,1447.6
Hyderabad,Telangana,Electrician,15,1.03,11536,1768.22
Chennai,Tamil Nadu,Painter,12,1.1,12650,1473.0
Chennai,Tamil Nadu,Mason,10,1.3,19630,1652.6
Bangalore,Karnataka,Carpenter,15,0.87,12954,1731.58
Pune,Maharashtra,Carpenter,7,0.88,16215,1440.3
Hyderabad,Telangana,Mason,3,1.17,18723,1317.96
Bangalore,Karnataka,Painter,8,0.8,9388,1144.76
Pune,Maharashtra,Electrician,5,0.85,15166,1305.82
Delhi,Delhi,Electrician,5,1.21,18434,1569.18
Pune,Maharashtra,Electrician,15,1.17,11555,1789.6
Chennai,Tamil Nadu,Electrician,10,0.73,8701,1399.52
Chennai,Tamil Nadu,Carpenter,4,1.18,12612,1036.24
Chennai,Tamil Nadu,Carpenter,7,0.97,10271,1235.92
Hyderabad,Telangana,Painter,1,1.38,11180,1203.6
Delhi,Delhi,Electrician,11,0.55,18368,1707.86
Delhi,Delhi,Mason,1,1.39,9012,899.74
Pune,Maharashtra,Electrician,6,0.54,14498,1063.96
Bangalore,Karnataka,Mason,10,1.48,11076,1611.52
Bangalore,Karnataka,Painter,8,1.03,11193,1313.36
Hyderabad,Telangana,Painter,8,0.94,13504,1367.08
Chennai,Tamil Nadu,Mason,6,0.53,11176,1113.02
Bangalore,Karnataka,Electrician,5,0.56,10859,1220.18
Bangalore,Karnataka,Mason,9,0.72,12787,1561.74
Delhi,Delhi,Painter,13,0.73,9599,1401.48
Bangalore,Karnataka,Electrician,12,1.17,12965,1708.8
Bangalore,Karnataka,Carpenter,11,1.06,13094,1514.88
Chennai,Tamil Nadu,Mason,2,1.25,8438,1175.26
Hyderabad,Telangana,Carpenter,13,0.89,9439,1720.28
Delhi,Delhi,Painter,11,1.14,12524,1415.48
Delhi,Delhi,Electrician,11,1.27,11317,1616.84
Bangalore,Karnataka,Mason,5,1.46,12125,1167.5
Bangalore,Karnataka,Electrician,10,0.58,8900,1322.0
Delhi,Delhi,Mason,8,0.85,15962,1313.74
Hyderabad,Telangana,Carpenter,10,0.52,17855,1571.1
Chennai,Tamil Nadu,Painter,1,0.62,10149,891.98
Pune,Maharashtra,Mason,3,0.71,13385,1125.2
Hyderabad,Telangana,Electrician,13,0.67,8674,1445.98
Bangalore,Karnataka,Electrician,10,0.82,15195,1637.9
Bangalore,Karnataka,Mason,12,1.32,8387,1740.74
Bangalore,Karnataka,Carpenter,14,1.02,13795,1830.9
Bangalore,Karnataka,Painter,7,0.93,13589,1229.28
Pune,Maharashtra,Carpenter,9,1.07,12035,1438.2
Delhi,Delhi,Electrician,4,0.54,18169,1158.38
Chennai,Tamil Nadu,Painter,3,0.8,17648,1117.96
Bangalore,Karnataka,Electrician,9,0.56,17352,1382.04
Hyderabad,Telangana,Mason,8,0.88,14004,1334.08
Bangalore,Karnataka,Painter,9,1.33,9825,1620.0
Chennai,Tamil Nadu,Carpenter,13,1.45,10010,1589.7
Bangalore,Karnataka,Electrician,3,1.12,8496,906.92
Chennai,Tamil Nadu,Carpenter,4,0.88,19470,1285.4
Chennai,Tamil Nadu,Mason,9,1.09,9643,1601.36
Pune,Maharashtra,Electrician,11,1.21,11468,1620.86
Pune,Maharashtra,Painter,3,1.39,16407,1394.64
Hyderabad,Telangana,Carpenter,12,1.35,11976,1854.02
Delhi,Delhi,Electrician,14,0.82,9258,1696.16
Pune,Maharashtra,Mason,5,1.28,15210,1463.2
Chennai,Tamil Nadu,Carpenter,13,1.09,11066,1823.82
Chennai,Tamil Nadu,Mason,5,1.39,14855,1453.6
Hyderabad,Telangana,Electrician,11,0.51,13847,1578.44
Bangalore,Karnataka,Mason,9,0.78,14560,1283.2
Pune,Maharashtra,Mason,11,1.28,17292,1770.84
Hyderabad,Telangana,Mason,15,0.89,12656,1956.62
Chennai,Tamil Nadu,Electrician,6,0.71,15792,1183.34
Bangalore,Karnataka,Painter,9,0.71,9222,1146.94
Pune,Maharashtra,Painter,7,0.67,15168,1096.86
Bangalore,Karnataka,Carpenter,4,0.79,15000,1147.5
Pune,Maharashtra,Electrician,3,1.1,8249,1071.98
Pune,Maharashtra,Mason,1,1.1,17368,1141.36
Chennai,Tamil Nadu,Carpenter,7,0.66,10524,1121.48
Bangalore,Karnataka,Mason,7,0.65,11405,1254.6
Pune,Maharashtra,Mason,2,0.81,10887,888.24
Chennai,Tamil Nadu,Carpenter,13,1.32,16124,2027.48
Chennai,Tamil Nadu,Carpenter,7,0.87,19907,1383.64
Delhi,Delhi,Mason,2,1.46,15215,1365.3
Chennai,Tamil Nadu,Carpenter,8,1.11,10130,1319.1
Pune,Maharashtra,Electrician,2,1.21,12049,1157.48
Chennai,Tamil Nadu,Electrician,5,0.93,13841,1107.32
Bangalore,Karnataka,Mason,3,1.17,10613,1025.76
Bangalore,Karnataka,Carpenter,7,1.22,9368,1329.36
Hyderabad,Telangana,Mason,9,1.42,18282,1582.64
Bangalore,Karnataka,Painter,2,1.16,16070,1154.4
Delhi,Delhi,Painter,13,1.24,9650,1534.0
Hyderabad,Telangana,Painter,10,0.93,9354,1392.58
Bangalore,Karnataka,Painter,9,1.42,13137,1660.74
Delhi,Delhi,Electrician,7,0.83,16762,1195.74
Delhi,Delhi,Electrician,10,0.72,17872,1411.44
Hyderabad,Telangana,Carpenter,10,0.95,9274,1248.98
Pune,Maharashtra,Painter,8,1.4,11656,1360.12
Bangalore,Karnataka,Electrician,2,0.76,18908,1151.16
Chennai,Tamil Nadu,Electrician,10,0.91,17154,1400.58
Chennai,Tamil Nadu,Mason,5,0.83,15212,1018.74
Pune,Maharashtra,Carpenter,8,1.35,8105,1502.6
Delhi,Delhi,Painter,10,1.22,10687,1677.74
Delhi,Delhi,Carpenter,7,0.52,11558,1345.16
Delhi,Delhi,Electrician,14,1.24,9671,1694.42
Delhi,Delhi,Painter,9,1.09,9755,1246.6
Bangalore,Karnataka,Electrician,2,0.97,10148,781.46
Pune,Maharashtra,Painter,6,1.46,11443,1304.86
Chennai,Tamil Nadu,Mason,4,0.99,16421,1298.92
Pune,Maharashtra,Painter,10,0.55,19673,1360.96
Hyderabad,Telangana,Electrician,3,1.36,10106,985.12
Chennai,Tamil Nadu,Painter,6,0.65,16196,1272.42
Hyderabad,Telangana,Mason,4,1.24,18888,1413.76
Pune,Maharashtra,Electrician,10,0.75,18580,1428.1
Chennai,Tamil Nadu,Electrician,11,1.09,11231,1568.12
Pune,Maharashtra,Carpenter,10,1.09,13614,1569.78
Delhi,Delhi,Electrician,1,1.07,8416,746.82
Pune,Maharashtra,Carpenter,3,1.34,8252,1123.04
Delhi,Delhi,Electrician,13,0.77,11873,1634.96
Pune,Maharashtra,Electrician,2,0.58,16163,911.26
Pune,Maharashtra,Electrician,7,0.64,11732,1067.64
Pune,Maharashtra,Mason,2,0.9,11116,812.32
Chennai,Tamil Nadu,Mason,9,1.23,9858,1424.66
Hyderabad,Telangana,Electrician,4,0.88,12323,1126.46
Chennai,Tamil Nadu,Electrician,11,1.04,12220,1733.4
Bangalore,Karnataka,Mason,10,0.78,17048,1488.96
Bangalore,Karnataka,Carpenter,3,0.98,9407,1121.14
Hyderabad,Telangana,Mason,15,0.71,15349,1721.48
Chennai,Tamil Nadu,Electrician,6,0.5,12760,1001.2
Pune,Maharashtra,Painter,11,0.72,16083,1449.66
Delhi,Delhi,Carpenter,10,0.8,11453,1594.06
Delhi,Delhi,Mason,14,1.19,18012,1811.74
Pune,Maharashtra,Carpenter,1,1.39,15629,1006.08
Pune,Maharashtra,Carpenter,7,1.15,19057,1455.64
Chennai,Tamil Nadu,Carpenter,15,0.6,10969,1817.38
Delhi,Delhi,Painter,8,0.96,15668,1238.36
Chennai,Tamil Nadu,Mason,5,1.49,13612,1224.74
Pune,Maharashtra,Mason,9,0.83,15033,1274.16
Delhi,Delhi,Mason,8,1.04,16665,1546.3
Hyderabad,Telangana,Carpenter,5,0.63,18152,1094.54
Pune,Maharashtra,Mason,6,0.96,16646,1475.92
Chennai,Tamil Nadu,Mason,7,0.85,18580,1206.1
Pune,Maharashtra,Mason,14,1.0,13042,1555.84
Bangalore,Karnataka,Carpenter,11,0.85,16449,1580.48
Bangalore,Karnataka,Painter,11,0.68,12373,1431.46
Pune,Maharashtra,Carpenter,5,0.59,15403,1083.56
Delhi,Delhi,Electrician,14,0.54,19452,1636.04
Bangalore,Karnataka,Carpenter,14,0.85,8417,1625.84
Bangalore,Karnataka,Carpenter,15,0.6,12933,1682.66
Chennai,Tamil Nadu,Carpenter,8,1.5,19539,1816.78
Hyderabad,Telangana,Mason,7,0.69,12811,1170.72
Chennai,Tamil Nadu,Mason,15,0.63,12486,1769.22
Bangalore,Karnataka,Electrician,14,0.79,9650,1449.5
Bangalore,Karnataka,Carpenter,5,1.07,14714,1370.78
Pune,Maharashtra,Painter,2,0.94,18674,972.48
Bangalore,Karnataka,Electrician,8,1.13,9233,1181.16
Bangalore,Karnataka,Electrician,14,0.55,14265,1634.8
Chennai,Tamil Nadu,Mason,2,0.79,8026,1032.02
Bangalore,Karnataka,Mason,11,1.37,14386,1758.22
Delhi,Delhi,Carpenter,10,0.8,18616,1761.32
Delhi,Delhi,Electrician,15,0.52,13270,1737.4
Chennai,Tamil Nadu,Mason,2,0.63,8656,865.62
Delhi,Delhi,Electrician,1,1.32,17201,1298.02
Chennai,Tamil Nadu,Mason,13,1.22,19133,1724.66
Chennai,Tamil Nadu,Carpenter,11,0.81,18844,1806.38
Hyderabad,Telangana,Electrician,11,1.38,18959,1835.18
Hyderabad,Telangana,Mason,14,0.87,11995,1747.4
Chennai,Tamil Nadu,Carpenter,10,1.3,9868,1452.36
Pune,Maharashtra,Electrician,6,1.44,19406,1357.12
Bangalore,Karnataka,Carpenter,2,0.62,16516,982.32
Bangalore,Karnataka,Painter,3,1.26,13724,1050.48
Hyderabad,Telangana,Mason,14,1.45,15275,1776.0
Bangalore,Karnataka,Mason,2,1.16,17280,1113.6
Chennai,Tamil Nadu,Carpenter,2,1.31,17904,1246.58
Bangalore,Karnataka,Carpenter,5,1.22,18230,1430.6
Bangalore,Karnataka,Electrician,14,1.2,12662,1808.24
Delhi,Delhi,Mason,14,1.05,12502,1579.54
Delhi,Delhi,Electrician,15,0.94,13131,1814.62
Delhi,Delhi,Painter,11,0.61,12626,1479.02
Chennai,Tamil Nadu,Carpenter,13,0.67,11487,1759.24
Pune,Maharashtra,Carpenter,1,1.22,19211,1294.22
Delhi,Delhi,Carpenter,2,1.2,14445,1047.9
Chennai,Tamil Nadu,Mason,13,0.66,18894,1763.88
Hyderabad,Telangana,Mason,9,1.34,10074,1497.48
Pune,Maharashtra,Electrician,3,0.91,16295,1263.4
Delhi,Delhi,Electrician,7,1.31,16972,1638.94
Pune,Maharashtra,Carpenter,5,0.64,13146,1014.92
Pune,Maharashtra,Mason,11,0.89,17972,1691.94
Hyderabad,Telangana,Painter,2,0.78,17848,1119.96
Pune,Maharashtra,Mason,14,1.2,8931,1688.62
Bangalore,Karnataka,Electrician,2,0.52,14842,887.84
Delhi,Delhi,Painter,13,1.08,9476,1618.52
Delhi,Delhi,Mason,6,1.06,19510,1281.2
Chennai,Tamil Nadu,Mason,13,1.42,17020,2026.4
Bangalore,Karnataka,Carpenter,2,1.14,10927,1112.54
Hyderabad,Telangana,Painter,9,1.43,9059,1467.68
Chennai,Tamil Nadu,Electrician,1,1.31,15384,1210.18
Delhi,Delhi,Mason,9,1.28,17749,1600.98
Bangalore,Karnataka,Painter,4,0.66,16197,1233.94
Pune,Maharashtra,Electrician,4,0.73,8806,1085.62
Hyderabad,Telangana,Electrician,8,0.69,17658,1575.66
Hyderabad,Telangana,Carpenter,6,0.66,8750,955.0
Bangalore,Karnataka,Painter,15,0.85,8911,1864.72
Bangalore,Karnataka,Painter,2,1.25,14157,1220.64
Hyderabad,Telangana,Electrician,2,0.77,14139,1153.28
Bangalore,Karnataka,Painter,14,1.32,14389,2022.78
Hyderabad,Telangana,Carpenter,14,1.39,18556,1902.62
Bangalore,Karnataka,Painter,5,0.59,18776,1242.02
Pune,Maharashtra,Electrician,13,0.9,14718,1697.36
Bangalore,Karnataka,Mason,8,0.83,14684,1339.18
Pune,Maharashtra,Electrician,5,1.27,15304,1165.58
Delhi,Delhi,Mason,8,0.73,9331,1096.12
Delhi,Delhi,Mason,10,0.51,13378,1425.06
Delhi,Delhi,Carpenter,15,1.1,8968,1593.36
Delhi,Delhi,Painter,11,1.25,17655,1731.6
Hyderabad,Telangana,Electrician,13,1.34,11588,1663.76
Chennai,Tamil Nadu,Mason,10,0.77,15258,1666.66
Delhi,Delhi,Carpenter,11,0.98,15786,1820.72
Bangalore,Karnataka,Painter,7,0.82,18218,1555.36
Chennai,Tamil Nadu,Electrician,13,1.09,16469,1853.88
Hyderabad,Telangana,Carpenter,1,0.55,19950,1005.5
Pune,Maharashtra,Mason,13,0.86,12995,1745.9
Bangalore,Karnataka,Painter,2,1.11,8223,1106.96
Chennai,Tamil Nadu,Painter,9,0.97,13815,1528.8
Pune,Maharashtra,Carpenter,3,0.64,17816,1048.32
Delhi,Delhi,Mason,15,0.75,12215,1683.8
Delhi,Delhi,Painter,2,1.05,9245,893.4
Pune,Maharashtra,Painter,2,1.48,10424,944.48
Pune,Maharashtra,Electrician,6,0.66,14004,1038.08
Hyderabad,Telangana,Carpenter,4,1.46,14737,1399.74
Chennai,Tamil Nadu,Painter,1,1.12,19206,1065.12
Delhi,Delhi,Painter,4,1.44,9030,1078.6
Hyderabad,Telangana,Carpenter,12,0.51,11766,1360.82
Chennai,Tamil Nadu,Painter,12,0.6,12927,1467.54
Delhi,Delhi,Electrician,9,0.58,15385,1429.7
Hyderabad,Telangana,Electrician,15,1.4,16395,1857.9
Bangalore,Karnataka,Mason,5,0.75,18652,1358.54
Delhi,Delhi,Painter,7,0.89,16547,1409.44
Delhi,Delhi,Electrician,3,0.94,14691,1287.82
Hyderabad,Telangana,Carpenter,10,0.93,16460,1458.7
Pune,Maharashtra,Mason,13,0.76,10795,1779.9
Pune,Maharashtra,Painter,13,0.86,9351,1538.02
Hyderabad,Telangana,Electrician,6,1.22,17594,1609.88
Hyderabad,Telangana,Carpenter,6,0.95,14580,1191.1
Chennai,Tamil Nadu,Painter,15,1.0,12144,1778.88
Bangalore,Karnataka,Mason,11,1.48,10907,1535.14
Pune,Maharashtra,Electrician,4,1.33,17163,1219.76
Delhi,Delhi,Carpenter,9,1.08,13220,1577.4
Hyderabad,Telangana,Mason,7,0.91,12362,1106.74
Delhi,Delhi,Carpenter,3,1.33,13799,1236.48
Pune,Maharashtra,Mason,2,0.95,11425,841.0
Chennai,Tamil Nadu,Mason,2,1.41,9131,864.12
Chennai,Tamil Nadu,Painter,14,1.0,19460,1845.2
Pune,Maharashtra,Mason,11,0.6,16811,1576.22
Pune,Maharashtra,Painter,1,0.64,15287,1031.74
Hyderabad,Telangana,Carpenter,4,0.6,12097,1185.94
Hyderabad,Telangana,Painter,3,0.86,17701,1068.02
Delhi,Delhi,Painter,4,0.81,17851,1161.52
Bangalore,Karnataka,Painter,4,1.06,12113,1049.26
Bangalore,Karnataka,Painter,1,0.75,8976,662.02
Delhi,Delhi,Mason,15,1.35,9790,1889.3
Chennai,Tamil Nadu,Painter,5,1.13,17252,1392.54
Pune,Maharashtra,Painter,2,0.7,9428,1001.56
Chennai,Tamil Nadu,Mason,2,1.29,18066,1206.82
Bangalore,Karnataka,Carpenter,10,1.03,17843,1769.36
Pune,Maharashtra,Electrician,12,1.3,9830,1774.6
Hyderabad,Telangana,Carpenter,10,0.87,9089,1207.28
Bangalore,Karnataka,Carpenter,13,1.14,14660,1942.2
Chennai,Tamil Nadu,Mason,6,0.66,16205,1262.1
Bangalore,Karnataka,Electrician,5,1.42,14642,1217.84
Delhi,Delhi,Electrician,8,1.34,19737,1432.74
Delhi,Delhi,Carpenter,1,0.63,14649,857.48
Hyderabad,Telangana,Mason,1,0.84,9282,864.64
Delhi,Delhi,Carpenter,8,1.0,9361,1231.22
Hyderabad,Telangana,Electrician,13,0.62,11462,1632.24
Hyderabad,Telangana,Carpenter,7,0.61,15760,1307.7
Chennai,Tamil Nadu,Electrician,14,1.03,11294,1849.38
Chennai,Tamil Nadu,Mason,4,1.27,8345,1184.4
Delhi,Delhi,Carpenter,1,1.21,12245,903.4
Delhi,Delhi,Painter,12,1.45,16697,1711.44
Pune,Maharashtra,Carpenter,5,0.79,17316,1066.82
Bangalore,Karnataka,Electrician,5,1.0,17522,1397.44
Hyderabad,Telangana,Mason,14,0.53,13739,1571.28
Delhi,Delhi,Mason,13,0.82,9961,1405.22
Chennai,Tamil Nadu,Electrician,3,1.33,14353,1362.56
Pune,Maharashtra,Painter,15,0.85,17571,2053.92
Chennai,Tamil Nadu,Painter,13,1.23,10919,1713.88
Chennai,Tamil Nadu,Electrician,13,0.85,12977,1794.04
Delhi,Delhi,Carpenter,2,1.41,11943,924.36
Pune,Maharashtra,Mason,1,0.99,8267,990.84
Pune,Maharashtra,Mason,7,0.54,19274,1536.48
Pune,Maharashtra,Painter,13,0.94,19322,1786.44
Chennai,Tamil Nadu,Electrician,9,1.06,9285,1551.7
Hyderabad,Telangana,Painter,1,0.57,18758,1128.66
Chennai,Tamil Nadu,Mason,5,1.28,19924,1385.48
Pune,Maharashtra,Painter,10,1.37,10825,1506.0
Hyderabad,Telangana,Electrician,8,1.47,8441,1474.32
Pune,Maharashtra,Mason,5,0.7,17350,1167.0
Delhi,Delhi,Carpenter,1,0.56,13955,788.1
Chennai,Tamil Nadu,Electrician,8,0.85,12367,1334.84
Bangalore,Karnataka,Electrician,2,1.0,17705,1275.1
Bangalore,Karnataka,Electrician,14,0.62,19487,1881.74
Hyderabad,Telangana,Painter,13,0.6,16732,1475.64
Bangalore,Karnataka,Mason,6,0.5,16957,1158.14
Pune,Maharashtra,Carpenter,10,0.87,15065,1589.8
Bangalore,Karnataka,Painter,12,1.0,19642,1676.84
Bangalore,Karnataka,Electrician,7,1.02,8877,1168.54
Chennai,Tamil Nadu,Mason,2,0.56,17627,920.54
Hyderabad,Telangana,Painter,6,0.81,10468,1170.86
Chennai,Tamil Nadu,Painter,4,1.09,18259,1304.68
Delhi,Delhi,Carpenter,7,0.87,16662,1202.74
Bangalore,Karnataka,Carpenter,14,0.53,14765,1692.8
Hyderabad,Telangana,Painter,6,0.9,10940,1328.8
Pune,Maharashtra,Mason,14,0.68,9245,1429.9
Delhi,Delhi,Painter,13,1.1,9160,1764.2
Hyderabad,Telangana,Electrician,15,1.42,11751,2049.02
Chennai,Tamil Nadu,Painter,3,1.14,16744,1054.88
Chennai,Tamil Nadu,Painter,13,0.87,18536,1574.22
Pune,Maharashtra,Carpenter,11,1.4,15001,1813.02
Hyderabad,Telangana,Carpenter,11,1.49,15348,1875.46
Hyderabad,Telangana,Carpenter,9,0.81,15672,1548.94
Delhi,Delhi,Carpenter,1,0.87,15448,1170.46
Pune,Maharashtra,Electrician,5,0.52,13875,1245.5
Hyderabad,Telangana,Mason,14,0.98,11411,1548.22
Chennai,Tamil Nadu,Electrician,7,0.92,15703,1335.06
Bangalore,Karnataka,Mason,9,1.42,9526,1570.52
Delhi,Delhi,Painter,15,1.18,12002,1958.04
Hyderabad,Telangana,Painter,5,1.37,17412,1309.74
Hyderabad,Telangana,Painter,10,1.09,17995,1447.4
Bangalore,Karnataka,Carpenter,9,0.61,9085,1452.2
Hyderabad,Telangana,Mason,1,0.52,13845,752.9
Pune,Maharashtra,Carpenter,1,1.33,16228,1304.06
Bangalore,Karnataka,Electrician,5,1.41,10274,1275.98
Delhi,Delhi,Electrician,10,1.49,15948,1601.46
Hyderabad,Telangana,Mason,12,0.67,15413,1618.76
Delhi,Delhi,Carpenter,8,1.19,13842,1315.34
Delhi,Delhi,Electrician,11,1.36,8817,1539.34
Chennai,Tamil Nadu,Electrician,6,1.37,9241,1410.32
Pune,Maharashtra,Mason,14,0.56,16393,1799.86
Pune,Maharashtra,Mason,3,1.36,14394,1377.88
Delhi,Delhi,Electrician,4,1.27,13463,1421.76
Hyderabad,Telangana,Painter,2,1.15,16408,1234.66
Hyderabad,Telangana,Electrician,13,0.92,14784,1755.68
Chennai,Tamil Nadu,Mason,11,1.13,12423,1632.96
Delhi,Delhi,Mason,4,1.0,12417,1290.34
Chennai,Tamil Nadu,Mason,12,0.68,15140,1692.8
Bangalore,Karnataka,Mason,2,0.71,14225,994.0
Hyderabad,Telangana,Mason,1,1.48,14404,1125.08
Chennai,Tamil Nadu,Painter,3,1.3,16828,1360.56
Bangalore,Karnataka,Electrician,9,1.21,17191,1476.32
Delhi,Delhi,Electrician,9,1.14,10645,1340.9
Hyderabad,Telangana,Carpenter,7,0.94,18209,1330.18
Hyderabad,Telangana,Mason,2,1.21,12321,1033.92
Chennai,Tamil Nadu,Electrician,8,1.3,13343,1637.86
Hyderabad,Telangana,Electrician,10,0.73,12911,1397.72
Pune,Maharashtra,Electrician,10,0.86,14655,1609.1
Hyderabad,Telangana,Painter,13,0.55,14401,1462.52
Hyderabad,Telangana,Carpenter,10,1.25,16663,1674.76
Chennai,Tamil Nadu,Electrician,3,1.47,15500,1330.5
Chennai,Tamil Nadu,Carpenter,3,0.62,9195,1094.9
Chennai,Tamil Nadu,Painter,15,1.48,19369,2152.38
Hyderabad,Telangana,Carpenter,11,1.12,18798,1719.96
Bangalore,Karnataka,Painter,9,1.11,18539,1713.28
Pune,Maharashtra,Painter,9,1.21,19246,1451.42
Pune,Maharashtra,Painter,2,0.57,15524,1131.98
Chennai,Tamil Nadu,Painter,4,1.01,17216,1263.82
Bangalore,Karnataka,Painter,2,0.74,19180,966.6
Bangalore,Karnataka,Carpenter,10,0.57,9729,1308.08
Chennai,Tamil Nadu,Carpenter,5,0.76,18841,1114.82
Pune,Maharashtra,Painter,2,0.78,9795,978.9
Delhi,Delhi,Mason,13,0.65,15901,1766.52
Chennai,Tamil Nadu,Carpenter,10,1.07,8607,1377.64
Pune,Maharashtra,Painter,5,1.18,19310,1181.2
Pune,Maharashtra,Carpenter,11,1.41,8125,1751.0
Hyderabad,Telangana,Painter,12,0.82,18737,1886.74
Chennai,Tamil Nadu,Carpenter,1,0.99,14044,1166.38
Pune,Maharashtra,Mason,9,0.63,13049,1451.48
Hyderabad,Telangana,Electrician,12,0.83,13318,1623.86
Hyderabad,Telangana,Mason,2,1.44,18417,1380.34
Chennai,Tamil Nadu,Electrician,14,0.71,18818,1926.86
Chennai,Tamil Nadu,Carpenter,8,1.22,13522,1595.44
Pune,Maharashtra,Painter,8,0.99,13891,1473.32
Delhi,Delhi,Painter,11,1.47,8465,1521.8
Bangalore,Karnataka,Carpenter,1,0.93,12169,994.88
Chennai,Tamil Nadu,Carpenter,11,0.7,12109,1311.18
Chennai,Tamil Nadu,Carpenter,6,1.31,17259,1369.68
Delhi,Delhi,Mason,4,0.93,15758,1383.66
Bangalore,Karnataka,Painter,12,1.47,16430,1959.1
Hyderabad,Telangana,Electrician,12,1.28,11378,1758.56
Bangalore,Karnataka,Painter,6,1.46,15169,1298.38
Hyderabad,Telangana,Carpenter,6,1.42,18611,1625.22
Chennai,Tamil Nadu,Carpenter,10,1.1,15057,1651.14
Delhi,Delhi,Mason,4,1.16,8866,1097.32
Pune,Maharashtra,Electrician,14,0.76,14041,1904.82
Pune,Maharashtra,Painter,8,0.71,13957,1138.64
Delhi,Delhi,Painter,15,1.1,8338,1883.76
Hyderabad,Telangana,Painter,9,0.92,9695,1201.9
Chennai,Tamil Nadu,Electrician,12,1.03,12931,1532.12
Hyderabad,Telangana,Electrician,9,1.15,19670,1817.9
Chennai,Tamil Nadu,Painter,15,1.28,13614,1703.28
Pune,Maharashtra,Carpenter,12,1.49,12159,1607.68
Bangalore,Karnataka,Painter,8,1.03,9243,1209.36
Hyderabad,Telangana,Carpenter,9,0.79,14893,1539.36
Delhi,Delhi,Electrician,8,0.65,11929,1314.08
Pune,Maharashtra,Mason,4,0.9,9439,993.78
Chennai,Tamil Nadu,Mason,13,0.69,15869,1755.88
Chennai,Tamil Nadu,Painter,15,1.25,17407,2144.64
Delhi,Delhi,Carpenter,7,1.48,9693,1426.86
Delhi,Delhi,Painter,15,1.0,9734,1727.68
Pune,Maharashtra,Electrician,7,1.42,19477,1721.54
Delhi,Delhi,Painter,15,0.89,10870,1659.9
Pune,Maharashtra,Painter,2,0.97,14725,1017.0
Bangalore,Karnataka,Electrician,4,0.8,13384,1203.68
Chennai,Tamil Nadu,Carpenter,2,0.69,15556,1194.62
Pune,Maharashtra,Carpenter,10,1.3,13296,1757.92
Hyderabad,Telangana,Painter,1,0.58,9727,811.54
Hyderabad,Telangana,Carpenter,4,1.18,10124,994.48
Pune,Maharashtra,Mason,8,1.25,15062,1588.74
Chennai,Tamil Nadu,Electrician,14,1.46,10169,1676.38
Pune,Maharashtra,Electrician,2,1.34,18108,1239.16
Bangalore,Karnataka,Electrician,10,1.29,18989,1784.28
Pune,Maharashtra,Electrician,1,1.1,19212,923.24
Bangalore,Karnataka,Painter,10,0.84,11307,1257.14
Delhi,Delhi,Carpenter,9,1.36,13874,1630.48
Delhi,Delhi,Painter,5,0.9,19091,1465.82
Pune,Maharashtra,Carpenter,10,1.48,18422,1717.44
Hyderabad,Telangana,Electrician,8,1.31,18287,1547.24
Hyderabad,Telangana,Painter,10,1.19,8664,1509.78
Hyderabad,Telangana,Painter,15,1.37,15097,2072.44
Delhi,Delhi,Electrician,14,0.55,11024,1777.98
Pune,Maharashtra,Painter,12,1.44,19136,1698.72
Chennai,Tamil Nadu,Electrician,8,0.53,16578,1200.06
Bangalore,Karnataka,Carpenter,11,1.43,15299,1596.48
Delhi,Delhi,Carpenter,7,0.66,17068,1357.36
Chennai,Tamil Nadu,Electrician,13,0.9,19073,1807.46
Pune,Maharashtra,Painter,9,1.22,9582,1506.64
Chennai,Tamil Nadu,Carpenter,2,1.22,18700,1229.0
Bangalore,Karnataka,Mason,8,1.31,14076,1567.02
Hyderabad,Telangana,Electrician,2,0.81,17563,936.76
Pune,Maharashtra,Carpenter,5,1.11,17257,1277.64
Hyderabad,Telangana,Electrician,2,0.75,12001,876.52
Chennai,Tamil Nadu,Painter,12,1.4,18393,1721.86
Delhi,Delhi,Mason,10,0.6,13603,1244.06
Chennai,Tamil Nadu,Electrician,11,1.26,18544,1915.88
Hyderabad,Telangana,Electrician,2,1.11,19286,1040.22
Delhi,Delhi,Painter,10,0.98,16521,1532.42
Delhi,Delhi,Electrician,12,0.59,10393,1665.36
Chennai,Tamil Nadu,Electrician,11,0.68,16009,1571.18
Delhi,Delhi,Carpenter,15,0.74,17137,1637.74
Delhi,Delhi,Carpenter,5,1.11,10831,1366.12
Hyderabad,Telangana,Electrician,9,0.71,10110,1365.7
Chennai,Tamil Nadu,Painter,9,1.12,19525,1807.5
Chennai,Tamil Nadu,Electrician,6,0.93,11629,1341.08
Bangalore,Karnataka,Painter,12,0.97,18552,1859.54
Delhi,Delhi,Carpenter,7,0.97,12404,1237.58
Bangalore,Karnataka,Mason,4,0.61,16745,1322.4
Pune,Maharashtra,Mason,15,0.85,16519,1887.88
Pune,Maharashtra,Mason,5,1.37,13563,1392.76
Chennai,Tamil Nadu,Mason,15,1.48,13981,2076.62
Hyderabad,Telangana,Mason,12,1.39,18667,1952.84
Bangalore,Karnataka,Painter,5,1.12,10945,1327.9
Delhi,Delhi,Electrician,11,1.2,11228,1737.56
Delhi,Delhi,Carpenter,3,0.79,19903,1210.56
Pune,Maharashtra,Carpenter,9,0.8,12372,1220.44
Chennai,Tamil Nadu,Electrician,10,1.47,13572,1615.94
Bangalore,Karnataka,Carpenter,15,1.29,19235,1893.2
Delhi,Delhi,Electrician,14,1.21,9066,1789.82
Chennai,Tamil Nadu,Painter,3,0.62,16663,931.26
Delhi,Delhi,Carpenter,4,0.94,18818,1430.36
Delhi,Delhi,Mason,12,0.65,19045,1658.4
Chennai,Tamil Nadu,Carpenter,7,0.78,16311,1194.22
Delhi,Delhi,Carpenter,7,0.95,12918,1454.86
Pune,Maharashtra,Mason,5,1.45,11791,1459.32
Delhi,Delhi,Painter,3,1.41,16279,1409.08
Hyderabad,Telangana,Carpenter,14,1.09,16209,1655.68
Pune,Maharashtra,Painter,4,0.53,17846,1051.42
Pune,Maharashtra,Mason,8,0.53,9013,1134.76
Delhi,Delhi,Carpenter,10,0.6,18436,1428.72
Pune,Maharashtra,Painter,15,1.06,10011,1589.22
Pune,Maharashtra,Painter,10,0.92,8166,1455.32
Chennai,Tamil Nadu,Electrician,1,0.67,14589,939.28
Chennai,Tamil Nadu,Painter,4,0.87,12942,1103.34
Delhi,Delhi,Mason,15,1.33,18632,1973.14
Hyderabad,Telangana,Mason,14,0.81,12160,1512.7
Delhi,Delhi,Painter,3,0.91,11594,848.38
Pune,Maharashtra,Mason,15,0.57,19173,1627.96
Pune,Maharashtra,Painter,1,0.5,16164,753.28
Chennai,Tamil Nadu,Painter,10,0.57,19076,1618.02
Delhi,Delhi,Painter,14,1.42,16245,1839.9
Delhi,Delhi,Electrician,9,1.4,15853,1443.06
Bangalore,Karnataka,Mason,8,0.85,14081,1483.12
Hyderabad,Telangana,Mason,15,0.9,12765,1687.3
Pune,Maharashtra,Mason,12,0.56,17512,1469.24
Delhi,Delhi,Electrician,10,0.61,8108,1334.66
Delhi,Delhi,Painter,11,0.87,17370,1506.9
Bangalore,Karnataka,Mason,15,1.46,11070,1734.4
Bangalore,Karnataka,Mason,12,1.22,16623,1636.46
Bangalore,Karnataka,Carpenter,6,1.45,13692,1525.34
Hyderabad,Telangana,Painter,4,1.07,19426,1212.02
Chennai,Tamil Nadu,Electrician,13,0.87,9861,1585.72
Bangalore,Karnataka,Electrician,15,0.86,8306,1574.12
Chennai,Tamil Nadu,Carpenter,5,0.8,10965,1223.3
Delhi,Delhi,Electrician,1,0.78,13153,1096.06
Bangalore,Karnataka,Painter,1,1.02,15625,963.5
Delhi,Delhi,Electrician,14,1.02,18489,1742.78
Bangalore,Karnataka,Mason,6,0.67,10149,1292.48
Hyderabad,Telangana,Electrician,5,0.73,16257,1039.64
Pune,Maharashtra,Mason,8,0.53,14856,1376.62
Bangalore,Karnataka,Mason,9,1.19,17487,1644.24
Hyderabad,Telangana,Painter,7,0.82,14355,1253.1
Chennai,Tamil Nadu,Painter,11,0.58,10350,1530.0
Pune,Maharashtra,Mason,6,1.17,16118,1431.86
Delhi,Delhi,Painter,15,1.0,12615,1729.3
Bangalore,Karnataka,Carpenter,8,1.44,13279,1387.58
Chennai,Tamil Nadu,Mason,10,0.94,17773,1653.46
Hyderabad,Telangana,Electrician,10,1.42,17449,1878.98
Bangalore,Karnataka,Painter,5,1.38,13789,1427.78
Bangalore,Karnataka,Electrician,2,0.58,19096,1099.92
Bangalore,Karnataka,Carpenter,1,0.65,15279,999.08
Hyderabad,Telangana,Electrician,15,1.23,14056,1849.62
Hyderabad,Telangana,Mason,4,1.38,19645,1280.9
Bangalore,Karnataka,Carpenter,14,1.16,8682,1584.64
Delhi,Delhi,Painter,4,1.02,14862,1392.24
Hyderabad,Telangana,Electrician,12,1.26,11549,1623.98
Bangalore,Karnataka,Electrician,13,1.4,18012,1896.24
Chennai,Tamil Nadu,Electrician,2,1.01,15926,1126.02
Hyderabad,Telangana,Mason,6,0.82,18071,1378.42
Hyderabad,Telangana,Mason,12,0.78,10269,1541.38
Delhi,Delhi,Electrician,3,1.0,18117,1267.34
Delhi,Delhi,Mason,12,0.91,9497,1650.44
Chennai,Tamil Nadu,Painter,4,0.91,11896,1257.42
Hyderabad,Telangana,Electrician,1,1.32,19346,1172.92
Delhi,Delhi,Painter,12,1.36,12207,1699.14
Chennai,Tamil Nadu,Painter,5,0.96,14545,1317.9
Chennai,Tamil Nadu,Mason,14,1.0,9755,1657.1
Chennai,Tamil Nadu,Mason,8,0.77,8127,1188.04
Chennai,Tamil Nadu,Mason,2,1.25,17338,1148.26
Hyderabad,Telangana,Painter,9,0.75,16896,1455.42
Pune,Maharashtra,Carpenter,4,0.76,15543,1331.86
Chennai,Tamil Nadu,Mason,14,0.68,17872,1776.44
Chennai,Tamil Nadu,Electrician,1,1.02,8297,874.94
Delhi,Delhi,Electrician,13,1.44,13763,1996.26
Chennai,Tamil Nadu,Painter,13,0.58,17850,1666.0
Pune,Maharashtra,Mason,14,0.7,18334,1601.68
Pune,Maharashtra,Mason,15,0.56,12818,1740.36
Bangalore,Karnataka,Carpenter,8,1.41,15737,1369.24
Delhi,Delhi,Painter,11,0.9,13059,1356.18
Pune,Maharashtra,Carpenter,7,1.34,12300,1600.0
Chennai,Tamil Nadu,Electrician,6,0.5,15666,1336.32
Pune,Maharashtra,Mason,4,0.63,12333,1193.16
Delhi,Delhi,Mason,15,1.28,15590,1804.8
Chennai,Tamil Nadu,Painter,6,1.33,12609,1259.68
Delhi,Delhi,Painter,11,1.4,11754,1650.08
Pune,Maharashtra,Mason,15,0.59,12754,1622.58
Chennai,Tamil Nadu,Painter,14,1.03,19623,1697.96
Hyderabad,Telangana,Electrician,15,1.41,12478,1855.06
Pune,Maharashtra,Carpenter,14,1.07,17230,1972.1
Delhi,Delhi,Electrician,9,1.3,18571,1819.42
Hyderabad,Telangana,Carpenter,7,1.01,19723,1516.96
Delhi,Delhi,Mason,9,0.77,10423,1268.96
Delhi,Delhi,Painter,3,0.72,17668,1145.36
Bangalore,Karnataka,Carpenter,10,0.97,13907,1322.64
Bangalore,Karnataka,Carpenter,12,0.84,19795,1762.9
Bangalore,Karnataka,Mason,7,1.06,10236,1384.72
Bangalore,Karnataka,Painter,2,1.36,13127,1139.54
Hyderabad,Telangana,Mason,3,1.14,9829,870.58
Chennai,Tamil Nadu,Electrician,6,1.3,14437,1395.74
Chennai,Tamil Nadu,Mason,12,1.35,18208,1823.66
Chennai,Tamil Nadu,Carpenter,11,0.57,11127,1552.04
Chennai,Tamil Nadu,Electrician,10,1.03,16939,1489.28
Chennai,Tamil Nadu,Painter,4,0.84,13113,1212.26
Chennai,Tamil Nadu,Painter,4,0.69,11553,1225.56
Pune,Maharashtra,Electrician,15,1.38,15566,1775.32
Delhi,Delhi,Electrician,5,1.02,19744,1151.88
Chennai,Tamil Nadu,Mason,6,1.32,10277,1332.54
Bangalore,Karnataka,Painter,15,0.99,15263,1868.76
Delhi,Delhi,Carpenter,1,1.16,8266,872.32
Chennai,Tamil Nadu,Electrician,12,1.21,15135,1584.2
Pune,Maharashtra,Painter,8,1.0,18955,1377.1
Hyderabad,Telangana,Carpenter,12,0.6,17127,1788.54
Bangalore,Karnataka,Mason,5,1.42,16696,1313.92
Chennai,Tamil Nadu,Painter,1,1.28,14619,938.38
Delhi,Delhi,Painter,2,1.18,16364,946.28
Chennai,Tamil Nadu,Mason,9,0.96,16066,1470.32
Chennai,Tamil Nadu,Electrician,10,0.91,11081,1485.12
Bangalore,Karnataka,Mason,8,1.3,18734,1463.68
Delhi,Delhi,Mason,14,1.04,14615,1837.3
Pune,Maharashtra,Painter,1,0.5,19105,967.1
Chennai,Tamil Nadu,Mason,4,1.34,18200,1401.0
Bangalore,Karnataka,Carpenter,9,1.41,12626,1626.02
Hyderabad,Telangana,Electrician,3,1.07,17779,1054.08
Chennai,Tamil Nadu,Painter,7,0.95,17129,1413.08
Pune,Maharashtra,Painter,2,1.13,14777,977.04
Hyderabad,Telangana,Carpenter,15,1.49,13648,1859.46
Chennai,Tamil Nadu,Carpenter,2,0.97,19178,1103.06
Pune,Maharashtra,Electrician,12,0.99,9255,1456.6
Delhi,Delhi,Electrician,3,0.53,11360,876.7
Bangalore,Karnataka,Mason,11,0.75,8885,1294.2
Hyderabad,Telangana,Electrician,8,0.98,13328,1329.56
Chennai,Tamil Nadu,Mason,3,0.77,14279,1232.08
Pune,Maharashtra,Painter,9,1.15,9965,1476.8
Hyderabad,Telangana,Electrician,12,1.35,14458,1691.66
Delhi,Delhi,Electrician,10,1.09,8459,1283.68
Chennai,Tamil Nadu,Carpenter,7,0.67,9942,1253.34
Chennai,Tamil Nadu,Painter,12,0.56,11885,1346.7
Chennai,Tamil Nadu,Carpenter,7,1.19,8723,1169.96
Hyderabad,Telangana,Carpenter,13,1.32,18620,1942.4
Bangalore,Karnataka,Painter,1,1.38,15543,1165.86
Pune,Maharashtra,Carpenter,12,1.08,17426,1828.52
Chennai,Tamil Nadu,Mason,14,1.35,13758,1865.66
Bangalore,Karnataka,Painter,9,1.4,13327,1675.54
Pune,Maharashtra,Electrician,6,0.53,14586,1252.22
Chennai,Tamil Nadu,Painter,6,1.14,8374,1128.48
Delhi,Delhi,Carpenter,1,1.09,18140,1256.3
Bangalore,Karnataka,Electrician,9,0.81,9833,1423.16
Hyderabad,Telangana,Painter,13,0.65,12384,1649.18
Bangalore,Karnataka,Electrician,4,1.26,17753,1401.06
Delhi,Delhi,Electrician,5,0.63,8362,1194.74
Pune,Maharashtra,Painter,8,1.42,9292,1414.84
Chennai,Tamil Nadu,Carpenter,10,1.33,16092,1715.34
Bangalore,Karnataka,Mason,14,1.23,10778,1936.06
Chennai,Tamil Nadu,Electrician,8,0.64,16815,1275.3
Bangalore,Karnataka,Electrician,9,1.28,16696,1419.92
Bangalore,Karnataka,Mason,4,1.41,13841,1248.32
Pune,Maharashtra,Mason,3,1.28,18138,1067.76
Delhi,Delhi,Painter,13,1.32,11802,1727.04
Delhi,Delhi,Painter,8,1.33,9018,1287.86
Bangalore,Karnataka,Carpenter,7,1.07,10051,1443.52
Bangalore,Karnataka,Mason,2,0.65,8388,950.26
Bangalore,Karnataka,Mason,9,1.35,16412,1630.74
Chennai,Tamil Nadu,Electrician,13,1.48,18662,1723.24
Delhi,Delhi,Mason,11,0.81,19874,1716.98
Bangalore,Karnataka,Mason,3,1.36,11633,1220.66
Bangalore,Karnataka,Mason,14,0.95,8075,1664.0
Chennai,Tamil Nadu,Carpenter,8,1.36,15440,1386.8
Chennai,Tamil Nadu,Mason,12,0.86,12568,1563.36
Hyderabad,Telangana,Carpenter,3,0.78,19463,1109.26
Hyderabad,Telangana,Mason,10,0.74,15472,1327.44
Hyderabad,Telangana,Carpenter,11,0.84,10468,1566.36
Chennai,Tamil Nadu,Mason,4,0.64,18093,1082.86
Chennai,Tamil Nadu,Mason,12,1.47,12885,1907.2
Hyderabad,Telangana,Mason,5,0.96,16466,1464.32
Delhi,Delhi,Electrician,13,1.38,13818,1604.36
Delhi,Delhi,Painter,2,0.96,9378,1033.56
Chennai,Tamil Nadu,Painter,7,0.65,19791,1466.32
Bangalore,Karnataka,Carpenter,12,0.58,13609,1651.18
Pune,Maharashtra,Electrician,8,1.28,12656,1272.12
Hyderabad,Telangana,Mason,1,0.99,15696,1144.42
Pune,Maharashtra,Electrician,12,1.33,17472,1819.94
Pune,Maharashtra,Painter,14,1.13,9655,1570.6
Chennai,Tamil Nadu,Electrician,15,1.24,15583,1968.66
Pune,Maharashtra,Carpenter,12,0.93,19232,1828.14
Pune,Maharashtra,Mason,10,1.05,8587,1330.24
Chennai,Tamil Nadu,Painter,4,1.1,15183,1277.66
Delhi,Delhi,Electrician,15,1.25,18386,1891.22
Chennai,Tamil Nadu,Electrician,12,1.13,13498,1814.46
Pune,Maharashtra,Electrician,2,0.74,19589,1084.78
Chennai,Tamil Nadu,Painter,7,1.32,9416,1408.32
Hyderabad,Telangana,Mason,13,1.27,16488,1715.26
Bangalore,Karnataka,Mason,15,1.22,17233,2035.66
Chennai,Tamil Nadu,Painter,8,1.1,19329,1645.58
Hyderabad,Telangana,Electrician,9,1.19,12460,1348.7
Delhi,Delhi,Electrician,7,1.11,16157,1473.64
Hyderabad,Telangana,Mason,14,0.54,8759,1493.18
Chennai,Tamil Nadu,Carpenter,11,1.36,12929,1596.58
Bangalore,Karnataka,Carpenter,6,0.79,17125,1359.0
Bangalore,Karnataka,Mason,15,1.27,17173,1864.96
Delhi,Delhi,Electrician,1,0.93,12818,1010.86
Chennai,Tamil Nadu,Electrician,9,0.52,13655,1282.1
Delhi,Delhi,Electrician,9,1.07,11299,1522.48
Pune,Maharashtra,Mason,6,0.68,12788,1092.76
Pune,Maharashtra,Electrician,1,0.72,11642,944.84
Bangalore,Karnataka,Electrician,14,0.83,11723,1548.96
Hyderabad,Telangana,Painter,1,0.55,17932,1014.14
Chennai,Tamil Nadu,Carpenter,11,1.3,8436,1489.72
Delhi,Delhi,Mason,11,1.44,17688,1785.76
Bangalore,Karnataka,Painter,13,1.2,15752,1637.04
Hyderabad,Telangana,Mason,3,0.65,12422,893.94
Chennai,Tamil Nadu,Carpenter,10,0.96,10195,1344.9
Hyderabad,Telangana,Mason,2,0.92,18294,942.88
Delhi,Delhi,Mason,11,1.17,17951,1896.52
Chennai,Tamil Nadu,Painter,11,0.51,9431,1294.12
Pune,Maharashtra,Painter,13,0.82,19672,1693.44
Chennai,Tamil Nadu,Electrician,1,0.89,14544,940.38
Delhi,Delhi,Electrician,15,1.0,14619,1885.38
Hyderabad,Telangana,Mason,13,1.03,10605,1616.6
Delhi,Delhi,Mason,6,1.16,10355,1355.1
Pune,Maharashtra,Carpenter,5,1.44,18855,1458.1
Chennai,Tamil Nadu,Painter,10,1.0,11436,1589.72
Chennai,Tamil Nadu,Mason,6,1.22,18170,1577.4
Bangalore,Karnataka,Mason,5,1.17,8104,1305.58
Pune,Maharashtra,Electrician,5,0.56,15970,1089.4
Hyderabad,Telangana,Carpenter,7,0.84,8574,1117.48
Hyderabad,Telangana,Carpenter,15,0.5,8384,1593.68
Hyderabad,Telangana,Painter,10,0.77,9267,1268.84
Pune,Maharashtra,Carpenter,9,0.67,19503,1491.56
Bangalore,Karnataka,Carpenter,8,0.64,9093,1296.86
Pune,Maharashtra,Carpenter,2,1.19,12965,1190.8
Pune,Maharashtra,Carpenter,12,0.66,19796,1712.92
Pune,Maharashtra,Carpenter,3,1.15,18680,1082.1
Chennai,Tamil Nadu,Painter,10,1.25,19215,1760.8
Hyderabad,Telangana,Painter,8,1.28,13854,1435.08
Pune,Maharashtra,Carpenter,2,0.95,9082,776.14
Bangalore,Karnataka,Electrician,3,0.63,11395,769.4
Pune,Maharashtra,Mason,1,0.71,11212,728.74
Bangalore,Karnataka,Carpenter,10,1.05,13681,1663.12
Delhi,Delhi,Mason,5,0.61,13447,1104.44
Delhi,Delhi,Mason,7,1.16,10099,1269.98
Chennai,Tamil Nadu,Mason,1,0.91,9976,696.02
Bangalore,Karnataka,Mason,11,0.62,14615,1687.3
Chennai,Tamil Nadu,Painter,1,1.04,16121,980.42
Chennai,Tamil Nadu,Mason,15,0.61,15831,1710.12
Pune,Maharashtra,Painter,7,0.85,18673,1565.96
Hyderabad,Telangana,Carpenter,5,1.29,11016,1227.82
Delhi,Delhi,Mason,13,0.78,12652,1721.04
Hyderabad,Telangana,Electrician,11,1.17,11195,1719.4
Delhi,Delhi,Carpenter,2,1.17,13751,981.52
Delhi,Delhi,Painter,12,1.27,12527,1583.04
Delhi,Delhi,Carpenter,9,1.45,19909,1503.68
Chennai,Tamil Nadu,Mason,11,0.82,19179,1636.58
Hyderabad,Telangana,Carpenter,2,1.11,14186,908.22
Delhi,Delhi,Carpenter,1,1.15,11595,983.4
Delhi,Delhi,Electrician,7,1.34,11412,1541.24
Hyderabad,Telangana,Painter,3,0.76,9705,1049.1
Pune,Maharashtra,Mason,9,0.77,11079,1307.08
Hyderabad,Telangana,Carpenter,3,1.29,16686,1140.22
Bangalore,Karnataka,Electrician,15,1.11,12250,1628.5
Delhi,Delhi,Painter,7,0.78,14664,1194.28
Chennai,Tamil Nadu,Mason,4,1.21,16675,1356.0
Delhi,Delhi,Electrician,15,0.55,9984,1442.18
Pune,Maharashtra,Electrician,7,1.41,16743,1628.36
Hyderabad,Telangana,Electrician,13,0.9,18759,1736.18
Delhi,Delhi,Electrician,9,0.81,12424,1489.98
Hyderabad,Telangana,Carpenter,9,0.53,15196,1445.42
Bangalore,Karnataka,Mason,15,0.58,8013,1490.26
Bangalore,Karnataka,Carpenter,8,1.24,17461,1339.22
Bangalore,Karnataka,Mason,5,0.75,12869,1098.88
Pune,Maharashtra,Carpenter,2,1.31,9243,845.36
Chennai,Tamil Nadu,Electrician,9,1.32,19898,1669.96
Bangalore,Karnataka,Carpenter,6,1.0,19479,1469.58
Delhi,Delhi,Painter,1,1.32,16640,963.8
Hyderabad,Telangana,Carpenter,8,1.0,17878,1649.56
Delhi,Delhi,Painter,1,1.33,13371,1051.92
Pune,Maharashtra,Mason,3,0.84,12851,861.02
Hyderabad,Telangana,Carpenter,13,0.97,8903,1488.56
Bangalore,Karnataka,Mason,1,1.06,13671,1105.42
Pune,Maharashtra,Mason,9,0.52,9507,1349.14
Pune,Maharashtra,Mason,5,0.52,19714,1083.28
Chennai,Tamil Nadu,Mason,4,1.0,8532,1062.64
Hyderabad,Telangana,Carpenter,5,0.95,10941,1076.32
Bangalore,Karnataka,Carpenter,6,0.9,8362,1285.24
Pune,Maharashtra,Painter,9,0.51,10258,1103.66
Pune,Maharashtra,Electrician,5,0.84,10523,1153.46
Chennai,Tamil Nadu,Carpenter,10,1.07,12325,1629.0
Hyderabad,Telangana,Mason,12,0.7,9053,1459.06
Hyderabad,Telangana,Mason,9,0.82,13818,1422.36
Chennai,Tamil Nadu,Mason,4,0.99,12004,1164.58
Chennai,Tamil Nadu,Carpenter,8,1.1,17544,1614.88
Hyderabad,Telangana,Mason,10,1.4,16751,1778.02
Chennai,Tamil Nadu,Painter,9,0.62,8862,1156.24
Delhi,Delhi,Carpenter,7,1.21,11997,1500.44
Hyderabad,Telangana,Carpenter,9,0.83,10985,1416.2
Pune,Maharashtra,Carpenter,8,1.34,19264,1726.28
Pune,Maharashtra,Painter,15,0.97,10809,1729.68
Bangalore,Karnataka,Mason,6,1.01,11225,1225.0
Pune,Maharashtra,Electrician,8,1.28,13290,1366.8
Chennai,Tamil Nadu,Electrician,3,0.66,11878,1072.56
Bangalore,Karnataka,Carpenter,12,0.55,19411,1698.72
Delhi,Delhi,Electrician,7,0.9,15409,1520.18
Delhi,Delhi,Painter,8,1.49,14510,1571.7
Chennai,Tamil Nadu,Mason,4,1.07,14778,1100.06
Delhi,Delhi,Mason,9,1.3,12052,1422.04
Delhi,Delhi,Electrician,4,0.63,14269,1237.88
Chennai,Tamil Nadu,Carpenter,4,1.3,14863,1444.26
Hyderabad,Telangana,Mason,12,0.53,13351,1488.52
Delhi,Delhi,Electrician,9,1.44,18417,1657.34
Hyderabad,Telangana,Electrician,6,1.19,14638,1499.26
Bangalore,Karnataka,Mason,8,0.85,13491,1344.32
Bangalore,Karnataka,Carpenter,6,0.58,17881,1129.62
Pune,Maharashtra,Mason,6,1.27,15481,1503.12
Chennai,Tamil Nadu,Electrician,13,0.89,10556,1788.62
Bangalore,Karnataka,Electrician,14,1.03,13166,1875.82
Delhi,Delhi,Electrician,12,1.46,13221,1613.42
Hyderabad,Telangana,Electrician,15,0.75,12053,1619.56
Delhi,Delhi,Electrician,14,1.32,19528,2107.56
Hyderabad,Telangana,Mason,10,0.64,10466,1193.32
Chennai,Tamil Nadu,Carpenter,9,1.49,11337,1736.24
Delhi,Delhi,Mason,15,0.64,18039,1964.78
Bangalore,Karnataka,Electrician,12,1.49,11534,1898.18
Delhi,Delhi,Carpenter,11,1.44,9750,1564.0
Delhi,Delhi,Carpenter,3,1.01,12679,999.08
Hyderabad,Telangana,Electrician,10,0.7,13263,1394.26
Chennai,Tamil Nadu,Mason,1,1.31,10638,877.26
Pune,Maharashtra,Carpenter,8,0.51,9382,1343.14
Hyderabad,Telangana,Painter,5,0.96,10851,1171.02
Delhi,Delhi,Electrician,7,0.53,14106,1236.62
Pune,Maharashtra,Electrician,11,1.45,15844,1674.38
Delhi,Delhi,Electrician,9,0.87,19486,1418.22
Chennai,Tamil Nadu,Mason,9,0.9,10360,1278.2
Bangalore,Karnataka,Electrician,14,0.93,19311,1719.72
Chennai,Tamil Nadu,Electrician,13,0.62,16738,1475.76
Delhi,Delhi,Electrician,10,0.78,10548,1338.96
Chennai,Tamil Nadu,Electrician,10,1.19,18408,1536.66
Hyderabad,Telangana,Electrician,8,1.03,16166,1272.82
Delhi,Delhi,Painter,8,1.39,14324,1418.98
Bangalore,Karnataka,Mason,3,0.84,15160,999.2
Delhi,Delhi,Mason,6,1.44,18361,1335.22
Chennai,Tamil Nadu,Electrician,15,0.95,12544,1749.38
Delhi,Delhi,Carpenter,15,0.62,15409,1776.18
Hyderabad,Telangana,Painter,1,1.49,10117,1165.84
Hyderabad,Telangana,Carpenter,8,1.44,11081,1557.62
Chennai,Tamil Nadu,Painter,1,1.09,13759,948.68
Bangalore,Karnataka,Mason,5,1.12,11595,1206.9
Delhi,Delhi,Painter,2,0.83,15561,914.72
Hyderabad,Telangana,Electrician,7,0.95,9979,1065.08
Pune,Maharashtra,Electrician,2,1.47,19434,1258.18
Chennai,Tamil Nadu,Mason,6,1.43,12089,1252.28
Chennai,Tamil Nadu,Carpenter,9,0.97,11888,1501.26
Bangalore,Karnataka,Electrician,8,1.2,9610,1239.2
Chennai,Tamil Nadu,Carpenter,8,1.29,11342,1335.34
Hyderabad,Telangana,Carpenter,12,1.24,16729,1754.58
Hyderabad,Telangana,Painter,2,1.26,15723,951.46
Chennai,Tamil Nadu,Electrician,5,1.07,19887,1217.24
Bangalore,Karnataka,Carpenter,14,1.15,18955,1714.6
Pune,Maharashtra,Carpenter,7,0.57,11245,1328.4
Hyderabad,Telangana,Carpenter,9,0.57,16023,1561.96
Hyderabad,Telangana,Painter,12,1.43,19085,1830.2
Pune,Maharashtra,Electrician,9,0.62,19942,1670.84
Delhi,Delhi,Carpenter,1,0.58,9787,620.74
Bangalore,Karnataka,Mason,9,1.16,18439,1659.78
Chennai,Tamil Nadu,Painter,1,1.3,16003,1268.06
Chennai,Tamil Nadu,Mason,10,0.69,11889,1456.28
Bangalore,Karnataka,Mason,12,1.42,17823,1793.46
Delhi,Delhi,Painter,14,1.06,15556,1635.12
Pune,Maharashtra,Painter,7,0.74,10213,1126.26
Delhi,Delhi,Electrician,6,1.35,8054,1109.58
Delhi,Delhi,Painter,2,0.51,15621,1027.92
Chennai,Tamil Nadu,Carpenter,15,0.82,11909,1701.18
Hyderabad,Telangana,Painter,12,1.26,8637,1758.74
Pune,Maharashtra,Mason,2,1.27,8404,1180.58
Chennai,Tamil Nadu,Mason,13,1.38,17449,1802.98
Hyderabad,Telangana,Mason,9,0.7,15569,1495.38
Bangalore,Karnataka,Mason,5,1.48,8360,1098.2
Bangalore,Karnataka,Painter,9,1.45,12224,1468.98
Hyderabad,Telangana,Electrician,14,0.54,18079,1653.58
Bangalore,Karnataka,Electrician,13,0.97,19324,1705.98
Delhi,Delhi,Electrician,4,1.48,10043,1273.86
Hyderabad,Telangana,Painter,13,0.81,8247,1641.44
Pune,Maharashtra,Mason,10,0.74,9021,1468.42
Chennai,Tamil Nadu,Mason,2,0.89,13482,827.14
Bangalore,Karnataka,Painter,8,0.72,11899,1298.98
Chennai,Tamil Nadu,Painter,4,0.61,12735,883.2
Chennai,Tamil Nadu,Mason,15,0.59,10167,1535.84
Chennai,Tamil Nadu,Electrician,10,0.89,16835,1525.2
Pune,Maharashtra,Carpenter,10,0.73,8145,1160.4
Chennai,Tamil Nadu,Carpenter,1,1.24,17059,1087.18
Bangalore,Karnataka,Mason,1,0.73,19292,974.34
Bangalore,Karnataka,Electrician,5,0.59,13039,1029.28
Bangalore,Karnataka,Mason,9,0.89,19537,1455.24
Pune,Maharashtra,Carpenter,8,0.94,19847,1459.94
Pune,Maharashtra,Electrician,1,0.93,17255,1209.6
Delhi,Delhi,Electrician,4,1.37,17589,1141.28
Chennai,Tamil Nadu,Mason,1,1.48,17234,1334.68
Hyderabad,Telangana,Mason,12,0.83,17878,1538.06
Delhi,Delhi,Painter,12,0.69,10870,1644.9
Bangalore,Karnataka,Painter,15,1.23,14167,1748.84
Delhi,Delhi,Painter,9,0.96,16826,1584.52
Delhi,Delhi,Carpenter,11,0.91,19198,1704.46
Chennai,Tamil Nadu,Painter,15,1.15,12696,1908.42
Hyderabad,Telangana,Electrician,14,1.25,12611,1921.72
Chennai,Tamil Nadu,Painter,4,0.76,13553,976.06
Bangalore,Karnataka,Painter,11,0.84,18715,1532.3
Hyderabad,Telangana,Carpenter,9,0.74,16684,1609.68
Delhi,Delhi,Carpenter,13,1.09,10706,1537.62
Chennai,Tamil Nadu,Carpenter,15,1.09,13285,1930.2
Pune,Maharashtra,Carpenter,2,0.9,13228,939.56
Pune,Maharashtra,Mason,14,1.21,12872,1651.94
Delhi,Delhi,Painter,15,0.73,9587,1571.24
Pune,Maharashtra,Electrician,12,1.29,8622,1577.94
Pune,Maharashtra,Carpenter,2,0.88,9501,1111.02
Chennai,Tamil Nadu,Carpenter,3,1.32,17539,1116.78
Bangalore,Karnataka,Electrician,9,1.39,11441,1630.32
Hyderabad,Telangana,Carpenter,9,1.3,17012,1755.24
Pune,Maharashtra,Mason,6,1.39,15018,1262.86
Bangalore,Karnataka,Painter,14,1.41,17405,2088.6
Hyderabad,Telangana,Carpenter,6,1.2,11707,1410.14
Hyderabad,Telangana,Carpenter,12,0.9,8726,1566.52
Hyderabad,Telangana,Carpenter,7,1.23,15967,1492.84
Bangalore,Karnataka,Painter,14,1.49,18822,1840.94
Pune,Maharashtra,Carpenter,4,1.14,19522,1396.44
Pune,Maharashtra,Mason,7,0.81,16659,1499.68
Pune,Maharashtra,Painter,1,1.35,8261,764.72
Delhi,Delhi,Painter,2,0.54,12273,754.46
Pune,Maharashtra,Carpenter,8,1.36,9674,1216.48
Hyderabad,Telangana,Mason,11,1.14,11070,1578.4
Pune,Maharashtra,Carpenter,1,0.54,10355,621.1
Bangalore,Karnataka,Electrician,9,1.34,17398,1666.96
Delhi,Delhi,Mason,1,0.5,10966,822.32
Delhi,Delhi,Carpenter,14,0.55,12727,1741.04
Hyderabad,Telangana,Electrician,6,0.91,10224,1145.98
Pune,Maharashtra,Painter,3,0.93,9668,1005.86
Pune,Maharashtra,Electrician,14,0.61,9840,1518.3
Delhi,Delhi,Electrician,1,0.6,11848,928.96
Chennai,Tamil Nadu,Mason,15,0.62,13026,1843.52
Pune,Maharashtra,Carpenter,2,1.33,14426,955.02
Hyderabad,Telangana,Electrician,9,0.61,15730,1547.1
Chennai,Tamil Nadu,Electrician,9,1.01,16260,1623.7
Chennai,Tamil Nadu,Painter,12,0.52,19559,1541.18
Bangalore,Karnataka,Painter,14,0.65,17202,1745.54
Hyderabad,Telangana,Mason,7,0.51,9103,1263.56
Pune,Maharashtra,Electrician,9,1.03,16684,1463.18
Hyderabad,Telangana,Carpenter,11,0.77,16587,1507.24
Bangalore,Karnataka,Painter,9,1.24,14912,1595.24
Hyderabad,Telangana,Electrician,15,1.43,15959,1790.68
Pune,Maharashtra,Painter,1,1.28,13290,1167.8
Pune,Maharashtra,Painter,12,1.08,10832,1501.64
Pune,Maharashtra,Mason,6,1.45,16642,1259.34
Pune,Maharashtra,Electrician,3,1.32,9848,1017.96
Delhi,Delhi,Mason,10,1.3,17425,1632.5
Chennai,Tamil Nadu,Electrician,5,0.8,16208,1027.16
Delhi,Delhi,Painter,1,1.25,12081,827.12
Hyderabad,Telangana,Electrician,9,1.38,17928,1448.56
Pune,Maharashtra,Painter,8,0.61,10979,1175.08
Bangalore,Karnataka,Painter,15,1.09,8566,1798.82
Hyderabad,Telangana,Mason,4,1.29,17738,1164.26
Delhi,Delhi,Carpenter,12,0.66,17253,1781.06
Hyderabad,Telangana,Painter,11,1.21,18828,1740.06
Pune,Maharashtra,Painter,10,0.51,11455,1353.6
Hyderabad,Telangana,Painter,10,0.57,12973,1579.96
Delhi,Delhi,Mason,15,1.1,12810,1984.2
Hyderabad,Telangana,Painter,7,1.43,9717,1335.84
Pune,Maharashtra,Painter,8,0.65,8798,1380.46
Bangalore,Karnataka,Electrician,3,0.57,10687,867.24
Delhi,Delhi,Carpenter,3,1.43,12457,1316.64
Bangalore,Karnataka,Painter,9,1.2,18545,1673.9
Hyderabad,Telangana,Carpenter,4,0.89,13635,1267.2
Pune,Maharashtra,Painter,5,1.19,11758,1240.66
Chennai,Tamil Nadu,Electrician,2,0.86,18023,971.46
Hyderabad,Telangana,Painter,15,0.54,8537,1594.74
Hyderabad,Telangana,Painter,2,1.21,10823,1105.96
Pune,Maharashtra,Carpenter,3,0.65,13613,949.76
Delhi,Delhi,Electrician,3,1.04,11654,1084.08
Pune,Maharashtra,Painter,12,0.54,15611,1650.22
Hyderabad,Telangana,Painter,2,1.42,12069,1101.38
Bangalore,Karnataka,Painter,7,1.23,18826,1607.02
Delhi,Delhi,Mason,11,0.83,9167,1583.84
Hyderabad,Telangana,Electrician,3,1.29,10780,1166.1
Delhi,Delhi,Carpenter,1,1.39,19914,1193.78
Delhi,Delhi,Electrician,3,0.9,15592,1035.84
Chennai,Tamil Nadu,Electrician,12,1.5,13024,1932.48
Chennai,Tamil Nadu,Carpenter,3,1.39,13088,1058.26
Hyderabad,Telangana,Carpenter,2,0.88,15371,1047.42
Pune,Maharashtra,Electrician,1,0.66,13677,737.54
Chennai,Tamil Nadu,Electrician,9,0.65,14266,1222.82
Delhi,Delhi,Mason,8,1.34,19882,1656.64
Hyderabad,Telangana,Mason,8,0.73,9511,1115.72
Hyderabad,Telangana,Electrician,15,1.04,9214,1886.28
Pune,Maharashtra,Mason,12,1.05,8567,1734.84
Hyderabad,Telangana,Painter,6,0.91,14422,1246.94
Hyderabad,Telangana,Electrician,12,1.3,13379,1858.58
Delhi,Delhi,Electrician,9,0.81,18009,1615.68
Bangalore,Karnataka,Carpenter,11,1.09,12490,1550.3
Pune,Maharashtra,Carpenter,2,0.75,15232,1061.14
Delhi,Delhi,Carpenter,12,0.91,9979,1508.08
Bangalore,Karnataka,Painter,10,0.56,16403,1509.06
Pune,Maharashtra,Electrician,11,1.17,19042,1815.34
Pune,Maharashtra,Electrician,5,0.8,18363,1119.26
Bangalore,Karnataka,Mason,14,1.08,18663,1964.26
Delhi,Delhi,Mason,6,1.38,15039,1211.78
Pune,Maharashtra,Electrician,5,1.3,11969,1140.38
Delhi,Delhi,Painter,2,1.13,18662,1122.74
Delhi,Delhi,Mason,11,0.95,11586,1361.22
Delhi,Delhi,Painter,8,0.69,18062,1534.74
Delhi,Delhi,Carpenter,5,1.34,14217,1243.34
Pune,Maharashtra,Carpenter,3,0.76,8726,1001.52
